[0.000000] (-) TimerEvent: {}
[0.000290] (cpp_examples) JobQueued: {'identifier': 'cpp_examples', 'dependencies': OrderedDict()}
[0.000311] (custom_interface) JobQueued: {'identifier': 'custom_interface', 'dependencies': OrderedDict()}
[0.000322] (py_examples) JobQueued: {'identifier': 'py_examples', 'dependencies': OrderedDict()}
[0.000333] (robot_description) JobQueued: {'identifier': 'robot_description', 'dependencies': OrderedDict()}
[0.000343] (test_move) JobQueued: {'identifier': 'test_move', 'dependencies': OrderedDict()}
[0.000352] (visual_pubsub) JobQueued: {'identifier': 'visual_pubsub', 'dependencies': OrderedDict()}
[0.000361] (cpp_examples) JobStarted: {'identifier': 'cpp_examples'}
[0.004354] (custom_interface) JobStarted: {'identifier': 'custom_interface'}
[0.007335] (py_examples) JobStarted: {'identifier': 'py_examples'}
[0.011259] (robot_description) JobStarted: {'identifier': 'robot_description'}
[0.013768] (test_move) JobStarted: {'identifier': 'test_move'}
[0.018588] (visual_pubsub) JobStarted: {'identifier': 'visual_pubsub'}
[0.022949] (cpp_examples) JobProgress: {'identifier': 'cpp_examples', 'progress': 'cmake'}
[0.023311] (cpp_examples) Command: {'cmd': ['/usr/bin/cmake', '/home/cossio/ejer1_ws/src/ros2_tutorials-main/cpp_examples', '-DAMENT_CMAKE_SYMLINK_INSTALL=1', '-DCMAKE_INSTALL_PREFIX=/home/cossio/ejer1_ws/install/cpp_examples'], 'cwd': '/home/cossio/ejer1_ws/build/cpp_examples', 'env': OrderedDict([('LESSOPEN', '| /usr/bin/lesspipe %s'), ('USER', 'cossio'), ('XDG_SESSION_TYPE', 'wayland'), ('SHLVL', '1'), ('LD_LIBRARY_PATH', '/home/cossio/ejer1_ws/install/custom_interface/lib:/usr/lib/x86_64-linux-gnu/gazebo-11/plugins:/opt/ros/humble/opt/rviz_ogre_vendor/lib:/opt/ros/humble/lib/x86_64-linux-gnu:/opt/ros/humble/lib'), ('HOME', '/home/cossio'), ('OLDPWD', '/home/cossio'), ('DESKTOP_SESSION', 'ubuntu'), ('ROS_PYTHON_VERSION', '3'), ('GNOME_SHELL_SESSION_MODE', 'ubuntu'), ('GTK_MODULES', 'gail:atk-bridge'), ('SYSTEMD_EXEC_PID', '1688'), ('DBUS_SESSION_BUS_ADDRESS', 'unix:path=/run/user/1000/bus'), ('COLORTERM', 'truecolor'), ('IM_CONFIG_PHASE', '1'), ('WAYLAND_DISPLAY', 'wayland-0'), ('COLCON_PREFIX_PATH', '/home/cossio/ejer1_ws/install'), ('ROS_DISTRO', 'humble'), ('LOGNAME', 'cossio'), ('_', '/usr/bin/colcon'), ('ROS_VERSION', '2'), ('XDG_SESSION_CLASS', 'user'), ('USERNAME', 'cossio'), ('TERM', 'xterm-256color'), ('GNOME_DESKTOP_SESSION_ID', 'this-is-deprecated'), ('ROS_LOCALHOST_ONLY', '0'), ('PATH', '/opt/ros/humble/bin:/usr/local/sbin:/usr/local/bin:/usr/sbin:/usr/bin:/sbin:/bin:/usr/games:/usr/local/games:/snap/bin:/snap/bin'), ('SESSION_MANAGER', 'local/Cossio-Pc:@/tmp/.ICE-unix/1402,unix/Cossio-Pc:/tmp/.ICE-unix/1402'), ('XDG_MENU_PREFIX', 'gnome-'), ('GNOME_TERMINAL_SCREEN', '/org/gnome/Terminal/screen/5819860b_3235_4fda_9e3c_9b3c6ddf62c5'), ('GNOME_SETUP_DISPLAY', ':1'), ('XDG_RUNTIME_DIR', '/run/user/1000'), ('DISPLAY', ':0'), ('LANG', 'en_US.UTF-8'), ('XDG_CURRENT_DESKTOP', 'ubuntu:GNOME'), ('XMODIFIERS', '@im=ibus'), ('XDG_SESSION_DESKTOP', 'ubuntu'), ('XAUTHORITY', '/run/user/1000/.mutter-Xwaylandauth.43PME3'), ('LS_COLORS', 'rs=0:di=01;34:ln=01;36:mh=00:pi=40;33:so=01;35:do=01;35:bd=40;33;01:cd=40;33;01:or=40;31;01:mi=00:su=37;41:sg=30;43:ca=30;41:tw=30;42:ow=34;42:st=37;44:ex=01;32:*.tar=01;31:*.tgz=01;31:*.arc=01;31:*.arj=01;31:*.taz=01;31:*.lha=01;31:*.lz4=01;31:*.lzh=01;31:*.lzma=01;31:*.tlz=01;31:*.txz=01;31:*.tzo=01;31:*.t7z=01;31:*.zip=01;31:*.z=01;31:*.dz=01;31:*.gz=01;31:*.lrz=01;31:*.lz=01;31:*.lzo=01;31:*.xz=01;31:*.zst=01;31:*.tzst=01;31:*.bz2=01;31:*.bz=01;31:*.tbz=01;31:*.tbz2=01;31:*.tz=01;31:*.deb=01;31:*.rpm=01;31:*.jar=01;31:*.war=01;31:*.ear=01;31:*.sar=01;31:*.rar=01;31:*.alz=01;31:*.ace=01;31:*.zoo=01;31:*.cpio=01;31:*.7z=01;31:*.rz=01;31:*.cab=01;31:*.wim=01;31:*.swm=01;31:*.dwm=01;31:*.esd=01;31:*.jpg=01;35:*.jpeg=01;35:*.mjpg=01;35:*.mjpeg=01;35:*.gif=01;35:*.bmp=01;35:*.pbm=01;35:*.pgm=01;35:*.ppm=01;35:*.tga=01;35:*.xbm=01;35:*.xpm=01;35:*.tif=01;35:*.tiff=01;35:*.png=01;35:*.svg=01;35:*.svgz=01;35:*.mng=01;35:*.pcx=01;35:*.mov=01;35:*.mpg=01;35:*.mpeg=01;35:*.m2v=01;35:*.mkv=01;35:*.webm=01;35:*.webp=01;35:*.ogm=01;35:*.mp4=01;35:*.m4v=01;35:*.mp4v=01;35:*.vob=01;35:*.qt=01;35:*.nuv=01;35:*.wmv=01;35:*.asf=01;35:*.rm=01;35:*.rmvb=01;35:*.flc=01;35:*.avi=01;35:*.fli=01;35:*.flv=01;35:*.gl=01;35:*.dl=01;35:*.xcf=01;35:*.xwd=01;35:*.yuv=01;35:*.cgm=01;35:*.emf=01;35:*.ogv=01;35:*.ogx=01;35:*.aac=00;36:*.au=00;36:*.flac=00;36:*.m4a=00;36:*.mid=00;36:*.midi=00;36:*.mka=00;36:*.mp3=00;36:*.mpc=00;36:*.ogg=00;36:*.ra=00;36:*.wav=00;36:*.oga=00;36:*.opus=00;36:*.spx=00;36:*.xspf=00;36:'), ('GNOME_TERMINAL_SERVICE', ':1.1178'), ('SSH_AGENT_LAUNCHER', 'gnome-keyring'), ('SSH_AUTH_SOCK', '/run/user/1000/keyring/ssh'), ('AMENT_PREFIX_PATH', '/home/cossio/ejer1_ws/install/custom_interface:/opt/ros/humble'), ('SHELL', '/bin/bash'), ('QT_ACCESSIBILITY', '1'), ('GDMSESSION', 'ubuntu'), ('LESSCLOSE', '/usr/bin/lesspipe %s %s'), ('QT_IM_MODULE', 'ibus'), ('PWD', '/home/cossio/ejer1_ws/build/cpp_examples'), ('LC_ALL', 'en_US.UTF-8'), ('XDG_CONFIG_DIRS', '/etc/xdg/xdg-ubuntu:/etc/xdg'), ('XDG_DATA_DIRS', '/usr/share/ubuntu:/home/cossio/.local/share/flatpak/exports/share:/var/lib/flatpak/exports/share:/usr/local/share/:/usr/share/:/var/lib/snapd/desktop'), ('PYTHONPATH', '/home/cossio/ejer1_ws/install/custom_interface/local/lib/python3.10/dist-packages:/opt/ros/humble/lib/python3.10/site-packages:/opt/ros/humble/local/lib/python3.10/dist-packages'), ('COLCON', '1'), ('VTE_VERSION', '6800'), ('CMAKE_PREFIX_PATH', '/home/cossio/ejer1_ws/install/custom_interface:/opt/ros/humble')]), 'shell': False}
[0.025352] (custom_interface) JobProgress: {'identifier': 'custom_interface', 'progress': 'cmake'}
[0.025727] (custom_interface) JobProgress: {'identifier': 'custom_interface', 'progress': 'build'}
[0.026666] (custom_interface) Command: {'cmd': ['/usr/bin/cmake', '--build', '/home/cossio/ejer1_ws/build/custom_interface', '--', '-j16', '-l16'], 'cwd': '/home/cossio/ejer1_ws/build/custom_interface', 'env': OrderedDict([('LESSOPEN', '| /usr/bin/lesspipe %s'), ('USER', 'cossio'), ('XDG_SESSION_TYPE', 'wayland'), ('SHLVL', '1'), ('LD_LIBRARY_PATH', '/home/cossio/ejer1_ws/install/custom_interface/lib:/usr/lib/x86_64-linux-gnu/gazebo-11/plugins:/opt/ros/humble/opt/rviz_ogre_vendor/lib:/opt/ros/humble/lib/x86_64-linux-gnu:/opt/ros/humble/lib'), ('HOME', '/home/cossio'), ('OLDPWD', '/home/cossio'), ('DESKTOP_SESSION', 'ubuntu'), ('ROS_PYTHON_VERSION', '3'), ('GNOME_SHELL_SESSION_MODE', 'ubuntu'), ('GTK_MODULES', 'gail:atk-bridge'), ('SYSTEMD_EXEC_PID', '1688'), ('DBUS_SESSION_BUS_ADDRESS', 'unix:path=/run/user/1000/bus'), ('COLORTERM', 'truecolor'), ('IM_CONFIG_PHASE', '1'), ('WAYLAND_DISPLAY', 'wayland-0'), ('COLCON_PREFIX_PATH', '/home/cossio/ejer1_ws/install'), ('ROS_DISTRO', 'humble'), ('LOGNAME', 'cossio'), ('_', '/usr/bin/colcon'), ('ROS_VERSION', '2'), ('XDG_SESSION_CLASS', 'user'), ('USERNAME', 'cossio'), ('TERM', 'xterm-256color'), ('GNOME_DESKTOP_SESSION_ID', 'this-is-deprecated'), ('ROS_LOCALHOST_ONLY', '0'), ('PATH', '/opt/ros/humble/bin:/usr/local/sbin:/usr/local/bin:/usr/sbin:/usr/bin:/sbin:/bin:/usr/games:/usr/local/games:/snap/bin:/snap/bin'), ('SESSION_MANAGER', 'local/Cossio-Pc:@/tmp/.ICE-unix/1402,unix/Cossio-Pc:/tmp/.ICE-unix/1402'), ('XDG_MENU_PREFIX', 'gnome-'), ('GNOME_TERMINAL_SCREEN', '/org/gnome/Terminal/screen/5819860b_3235_4fda_9e3c_9b3c6ddf62c5'), ('GNOME_SETUP_DISPLAY', ':1'), ('XDG_RUNTIME_DIR', '/run/user/1000'), ('DISPLAY', ':0'), ('LANG', 'en_US.UTF-8'), ('XDG_CURRENT_DESKTOP', 'ubuntu:GNOME'), ('XMODIFIERS', '@im=ibus'), ('XDG_SESSION_DESKTOP', 'ubuntu'), ('XAUTHORITY', '/run/user/1000/.mutter-Xwaylandauth.43PME3'), ('LS_COLORS', 'rs=0:di=01;34:ln=01;36:mh=00:pi=40;33:so=01;35:do=01;35:bd=40;33;01:cd=40;33;01:or=40;31;01:mi=00:su=37;41:sg=30;43:ca=30;41:tw=30;42:ow=34;42:st=37;44:ex=01;32:*.tar=01;31:*.tgz=01;31:*.arc=01;31:*.arj=01;31:*.taz=01;31:*.lha=01;31:*.lz4=01;31:*.lzh=01;31:*.lzma=01;31:*.tlz=01;31:*.txz=01;31:*.tzo=01;31:*.t7z=01;31:*.zip=01;31:*.z=01;31:*.dz=01;31:*.gz=01;31:*.lrz=01;31:*.lz=01;31:*.lzo=01;31:*.xz=01;31:*.zst=01;31:*.tzst=01;31:*.bz2=01;31:*.bz=01;31:*.tbz=01;31:*.tbz2=01;31:*.tz=01;31:*.deb=01;31:*.rpm=01;31:*.jar=01;31:*.war=01;31:*.ear=01;31:*.sar=01;31:*.rar=01;31:*.alz=01;31:*.ace=01;31:*.zoo=01;31:*.cpio=01;31:*.7z=01;31:*.rz=01;31:*.cab=01;31:*.wim=01;31:*.swm=01;31:*.dwm=01;31:*.esd=01;31:*.jpg=01;35:*.jpeg=01;35:*.mjpg=01;35:*.mjpeg=01;35:*.gif=01;35:*.bmp=01;35:*.pbm=01;35:*.pgm=01;35:*.ppm=01;35:*.tga=01;35:*.xbm=01;35:*.xpm=01;35:*.tif=01;35:*.tiff=01;35:*.png=01;35:*.svg=01;35:*.svgz=01;35:*.mng=01;35:*.pcx=01;35:*.mov=01;35:*.mpg=01;35:*.mpeg=01;35:*.m2v=01;35:*.mkv=01;35:*.webm=01;35:*.webp=01;35:*.ogm=01;35:*.mp4=01;35:*.m4v=01;35:*.mp4v=01;35:*.vob=01;35:*.qt=01;35:*.nuv=01;35:*.wmv=01;35:*.asf=01;35:*.rm=01;35:*.rmvb=01;35:*.flc=01;35:*.avi=01;35:*.fli=01;35:*.flv=01;35:*.gl=01;35:*.dl=01;35:*.xcf=01;35:*.xwd=01;35:*.yuv=01;35:*.cgm=01;35:*.emf=01;35:*.ogv=01;35:*.ogx=01;35:*.aac=00;36:*.au=00;36:*.flac=00;36:*.m4a=00;36:*.mid=00;36:*.midi=00;36:*.mka=00;36:*.mp3=00;36:*.mpc=00;36:*.ogg=00;36:*.ra=00;36:*.wav=00;36:*.oga=00;36:*.opus=00;36:*.spx=00;36:*.xspf=00;36:'), ('GNOME_TERMINAL_SERVICE', ':1.1178'), ('SSH_AGENT_LAUNCHER', 'gnome-keyring'), ('SSH_AUTH_SOCK', '/run/user/1000/keyring/ssh'), ('AMENT_PREFIX_PATH', '/home/cossio/ejer1_ws/install/custom_interface:/opt/ros/humble'), ('SHELL', '/bin/bash'), ('QT_ACCESSIBILITY', '1'), ('GDMSESSION', 'ubuntu'), ('LESSCLOSE', '/usr/bin/lesspipe %s %s'), ('QT_IM_MODULE', 'ibus'), ('PWD', '/home/cossio/ejer1_ws/build/custom_interface'), ('LC_ALL', 'en_US.UTF-8'), ('XDG_CONFIG_DIRS', '/etc/xdg/xdg-ubuntu:/etc/xdg'), ('XDG_DATA_DIRS', '/usr/share/ubuntu:/home/cossio/.local/share/flatpak/exports/share:/var/lib/flatpak/exports/share:/usr/local/share/:/usr/share/:/var/lib/snapd/desktop'), ('PYTHONPATH', '/home/cossio/ejer1_ws/install/custom_interface/local/lib/python3.10/dist-packages:/opt/ros/humble/lib/python3.10/site-packages:/opt/ros/humble/local/lib/python3.10/dist-packages'), ('COLCON', '1'), ('VTE_VERSION', '6800'), ('CMAKE_PREFIX_PATH', '/home/cossio/ejer1_ws/install/custom_interface:/opt/ros/humble')]), 'shell': False}
[0.099477] (-) TimerEvent: {}
[0.199907] (-) TimerEvent: {}
[0.223788] (robot_description) JobProgress: {'identifier': 'robot_description', 'progress': 'cmake'}
[0.224850] (robot_description) Command: {'cmd': ['/usr/bin/cmake', '/home/cossio/ejer1_ws/src/ros2_tutorials-main/robot_description', '-DAMENT_CMAKE_SYMLINK_INSTALL=1', '-DCMAKE_INSTALL_PREFIX=/home/cossio/ejer1_ws/install/robot_description'], 'cwd': '/home/cossio/ejer1_ws/build/robot_description', 'env': OrderedDict([('LESSOPEN', '| /usr/bin/lesspipe %s'), ('USER', 'cossio'), ('XDG_SESSION_TYPE', 'wayland'), ('SHLVL', '1'), ('LD_LIBRARY_PATH', '/home/cossio/ejer1_ws/install/custom_interface/lib:/usr/lib/x86_64-linux-gnu/gazebo-11/plugins:/opt/ros/humble/opt/rviz_ogre_vendor/lib:/opt/ros/humble/lib/x86_64-linux-gnu:/opt/ros/humble/lib'), ('HOME', '/home/cossio'), ('OLDPWD', '/home/cossio'), ('DESKTOP_SESSION', 'ubuntu'), ('ROS_PYTHON_VERSION', '3'), ('GNOME_SHELL_SESSION_MODE', 'ubuntu'), ('GTK_MODULES', 'gail:atk-bridge'), ('SYSTEMD_EXEC_PID', '1688'), ('DBUS_SESSION_BUS_ADDRESS', 'unix:path=/run/user/1000/bus'), ('COLORTERM', 'truecolor'), ('IM_CONFIG_PHASE', '1'), ('WAYLAND_DISPLAY', 'wayland-0'), ('COLCON_PREFIX_PATH', '/home/cossio/ejer1_ws/install'), ('ROS_DISTRO', 'humble'), ('LOGNAME', 'cossio'), ('_', '/usr/bin/colcon'), ('ROS_VERSION', '2'), ('XDG_SESSION_CLASS', 'user'), ('USERNAME', 'cossio'), ('TERM', 'xterm-256color'), ('GNOME_DESKTOP_SESSION_ID', 'this-is-deprecated'), ('ROS_LOCALHOST_ONLY', '0'), ('PATH', '/opt/ros/humble/bin:/usr/local/sbin:/usr/local/bin:/usr/sbin:/usr/bin:/sbin:/bin:/usr/games:/usr/local/games:/snap/bin:/snap/bin'), ('SESSION_MANAGER', 'local/Cossio-Pc:@/tmp/.ICE-unix/1402,unix/Cossio-Pc:/tmp/.ICE-unix/1402'), ('XDG_MENU_PREFIX', 'gnome-'), ('GNOME_TERMINAL_SCREEN', '/org/gnome/Terminal/screen/5819860b_3235_4fda_9e3c_9b3c6ddf62c5'), ('GNOME_SETUP_DISPLAY', ':1'), ('XDG_RUNTIME_DIR', '/run/user/1000'), ('DISPLAY', ':0'), ('LANG', 'en_US.UTF-8'), ('XDG_CURRENT_DESKTOP', 'ubuntu:GNOME'), ('XMODIFIERS', '@im=ibus'), ('XDG_SESSION_DESKTOP', 'ubuntu'), ('XAUTHORITY', '/run/user/1000/.mutter-Xwaylandauth.43PME3'), ('LS_COLORS', 'rs=0:di=01;34:ln=01;36:mh=00:pi=40;33:so=01;35:do=01;35:bd=40;33;01:cd=40;33;01:or=40;31;01:mi=00:su=37;41:sg=30;43:ca=30;41:tw=30;42:ow=34;42:st=37;44:ex=01;32:*.tar=01;31:*.tgz=01;31:*.arc=01;31:*.arj=01;31:*.taz=01;31:*.lha=01;31:*.lz4=01;31:*.lzh=01;31:*.lzma=01;31:*.tlz=01;31:*.txz=01;31:*.tzo=01;31:*.t7z=01;31:*.zip=01;31:*.z=01;31:*.dz=01;31:*.gz=01;31:*.lrz=01;31:*.lz=01;31:*.lzo=01;31:*.xz=01;31:*.zst=01;31:*.tzst=01;31:*.bz2=01;31:*.bz=01;31:*.tbz=01;31:*.tbz2=01;31:*.tz=01;31:*.deb=01;31:*.rpm=01;31:*.jar=01;31:*.war=01;31:*.ear=01;31:*.sar=01;31:*.rar=01;31:*.alz=01;31:*.ace=01;31:*.zoo=01;31:*.cpio=01;31:*.7z=01;31:*.rz=01;31:*.cab=01;31:*.wim=01;31:*.swm=01;31:*.dwm=01;31:*.esd=01;31:*.jpg=01;35:*.jpeg=01;35:*.mjpg=01;35:*.mjpeg=01;35:*.gif=01;35:*.bmp=01;35:*.pbm=01;35:*.pgm=01;35:*.ppm=01;35:*.tga=01;35:*.xbm=01;35:*.xpm=01;35:*.tif=01;35:*.tiff=01;35:*.png=01;35:*.svg=01;35:*.svgz=01;35:*.mng=01;35:*.pcx=01;35:*.mov=01;35:*.mpg=01;35:*.mpeg=01;35:*.m2v=01;35:*.mkv=01;35:*.webm=01;35:*.webp=01;35:*.ogm=01;35:*.mp4=01;35:*.m4v=01;35:*.mp4v=01;35:*.vob=01;35:*.qt=01;35:*.nuv=01;35:*.wmv=01;35:*.asf=01;35:*.rm=01;35:*.rmvb=01;35:*.flc=01;35:*.avi=01;35:*.fli=01;35:*.flv=01;35:*.gl=01;35:*.dl=01;35:*.xcf=01;35:*.xwd=01;35:*.yuv=01;35:*.cgm=01;35:*.emf=01;35:*.ogv=01;35:*.ogx=01;35:*.aac=00;36:*.au=00;36:*.flac=00;36:*.m4a=00;36:*.mid=00;36:*.midi=00;36:*.mka=00;36:*.mp3=00;36:*.mpc=00;36:*.ogg=00;36:*.ra=00;36:*.wav=00;36:*.oga=00;36:*.opus=00;36:*.spx=00;36:*.xspf=00;36:'), ('GNOME_TERMINAL_SERVICE', ':1.1178'), ('SSH_AGENT_LAUNCHER', 'gnome-keyring'), ('SSH_AUTH_SOCK', '/run/user/1000/keyring/ssh'), ('AMENT_PREFIX_PATH', '/home/cossio/ejer1_ws/install/custom_interface:/opt/ros/humble'), ('SHELL', '/bin/bash'), ('QT_ACCESSIBILITY', '1'), ('GDMSESSION', 'ubuntu'), ('LESSCLOSE', '/usr/bin/lesspipe %s %s'), ('QT_IM_MODULE', 'ibus'), ('PWD', '/home/cossio/ejer1_ws/build/robot_description'), ('LC_ALL', 'en_US.UTF-8'), ('XDG_CONFIG_DIRS', '/etc/xdg/xdg-ubuntu:/etc/xdg'), ('XDG_DATA_DIRS', '/usr/share/ubuntu:/home/cossio/.local/share/flatpak/exports/share:/var/lib/flatpak/exports/share:/usr/local/share/:/usr/share/:/var/lib/snapd/desktop'), ('PYTHONPATH', '/home/cossio/ejer1_ws/install/custom_interface/local/lib/python3.10/dist-packages:/opt/ros/humble/lib/python3.10/site-packages:/opt/ros/humble/local/lib/python3.10/dist-packages'), ('COLCON', '1'), ('VTE_VERSION', '6800'), ('CMAKE_PREFIX_PATH', '/home/cossio/ejer1_ws/install/custom_interface:/opt/ros/humble')]), 'shell': False}
[0.226156] (test_move) JobProgress: {'identifier': 'test_move', 'progress': 'cmake'}
[0.226256] (test_move) Command: {'cmd': ['/usr/bin/cmake', '/home/cossio/ejer1_ws/src/ros2_tutorials-main/test_move', '-DAMENT_CMAKE_SYMLINK_INSTALL=1', '-DCMAKE_INSTALL_PREFIX=/home/cossio/ejer1_ws/install/test_move'], 'cwd': '/home/cossio/ejer1_ws/build/test_move', 'env': OrderedDict([('LESSOPEN', '| /usr/bin/lesspipe %s'), ('USER', 'cossio'), ('XDG_SESSION_TYPE', 'wayland'), ('SHLVL', '1'), ('LD_LIBRARY_PATH', '/home/cossio/ejer1_ws/install/custom_interface/lib:/usr/lib/x86_64-linux-gnu/gazebo-11/plugins:/opt/ros/humble/opt/rviz_ogre_vendor/lib:/opt/ros/humble/lib/x86_64-linux-gnu:/opt/ros/humble/lib'), ('HOME', '/home/cossio'), ('OLDPWD', '/home/cossio'), ('DESKTOP_SESSION', 'ubuntu'), ('ROS_PYTHON_VERSION', '3'), ('GNOME_SHELL_SESSION_MODE', 'ubuntu'), ('GTK_MODULES', 'gail:atk-bridge'), ('SYSTEMD_EXEC_PID', '1688'), ('DBUS_SESSION_BUS_ADDRESS', 'unix:path=/run/user/1000/bus'), ('COLORTERM', 'truecolor'), ('IM_CONFIG_PHASE', '1'), ('WAYLAND_DISPLAY', 'wayland-0'), ('COLCON_PREFIX_PATH', '/home/cossio/ejer1_ws/install'), ('ROS_DISTRO', 'humble'), ('LOGNAME', 'cossio'), ('_', '/usr/bin/colcon'), ('ROS_VERSION', '2'), ('XDG_SESSION_CLASS', 'user'), ('USERNAME', 'cossio'), ('TERM', 'xterm-256color'), ('GNOME_DESKTOP_SESSION_ID', 'this-is-deprecated'), ('ROS_LOCALHOST_ONLY', '0'), ('PATH', '/opt/ros/humble/bin:/usr/local/sbin:/usr/local/bin:/usr/sbin:/usr/bin:/sbin:/bin:/usr/games:/usr/local/games:/snap/bin:/snap/bin'), ('SESSION_MANAGER', 'local/Cossio-Pc:@/tmp/.ICE-unix/1402,unix/Cossio-Pc:/tmp/.ICE-unix/1402'), ('XDG_MENU_PREFIX', 'gnome-'), ('GNOME_TERMINAL_SCREEN', '/org/gnome/Terminal/screen/5819860b_3235_4fda_9e3c_9b3c6ddf62c5'), ('GNOME_SETUP_DISPLAY', ':1'), ('XDG_RUNTIME_DIR', '/run/user/1000'), ('DISPLAY', ':0'), ('LANG', 'en_US.UTF-8'), ('XDG_CURRENT_DESKTOP', 'ubuntu:GNOME'), ('XMODIFIERS', '@im=ibus'), ('XDG_SESSION_DESKTOP', 'ubuntu'), ('XAUTHORITY', '/run/user/1000/.mutter-Xwaylandauth.43PME3'), ('LS_COLORS', 'rs=0:di=01;34:ln=01;36:mh=00:pi=40;33:so=01;35:do=01;35:bd=40;33;01:cd=40;33;01:or=40;31;01:mi=00:su=37;41:sg=30;43:ca=30;41:tw=30;42:ow=34;42:st=37;44:ex=01;32:*.tar=01;31:*.tgz=01;31:*.arc=01;31:*.arj=01;31:*.taz=01;31:*.lha=01;31:*.lz4=01;31:*.lzh=01;31:*.lzma=01;31:*.tlz=01;31:*.txz=01;31:*.tzo=01;31:*.t7z=01;31:*.zip=01;31:*.z=01;31:*.dz=01;31:*.gz=01;31:*.lrz=01;31:*.lz=01;31:*.lzo=01;31:*.xz=01;31:*.zst=01;31:*.tzst=01;31:*.bz2=01;31:*.bz=01;31:*.tbz=01;31:*.tbz2=01;31:*.tz=01;31:*.deb=01;31:*.rpm=01;31:*.jar=01;31:*.war=01;31:*.ear=01;31:*.sar=01;31:*.rar=01;31:*.alz=01;31:*.ace=01;31:*.zoo=01;31:*.cpio=01;31:*.7z=01;31:*.rz=01;31:*.cab=01;31:*.wim=01;31:*.swm=01;31:*.dwm=01;31:*.esd=01;31:*.jpg=01;35:*.jpeg=01;35:*.mjpg=01;35:*.mjpeg=01;35:*.gif=01;35:*.bmp=01;35:*.pbm=01;35:*.pgm=01;35:*.ppm=01;35:*.tga=01;35:*.xbm=01;35:*.xpm=01;35:*.tif=01;35:*.tiff=01;35:*.png=01;35:*.svg=01;35:*.svgz=01;35:*.mng=01;35:*.pcx=01;35:*.mov=01;35:*.mpg=01;35:*.mpeg=01;35:*.m2v=01;35:*.mkv=01;35:*.webm=01;35:*.webp=01;35:*.ogm=01;35:*.mp4=01;35:*.m4v=01;35:*.mp4v=01;35:*.vob=01;35:*.qt=01;35:*.nuv=01;35:*.wmv=01;35:*.asf=01;35:*.rm=01;35:*.rmvb=01;35:*.flc=01;35:*.avi=01;35:*.fli=01;35:*.flv=01;35:*.gl=01;35:*.dl=01;35:*.xcf=01;35:*.xwd=01;35:*.yuv=01;35:*.cgm=01;35:*.emf=01;35:*.ogv=01;35:*.ogx=01;35:*.aac=00;36:*.au=00;36:*.flac=00;36:*.m4a=00;36:*.mid=00;36:*.midi=00;36:*.mka=00;36:*.mp3=00;36:*.mpc=00;36:*.ogg=00;36:*.ra=00;36:*.wav=00;36:*.oga=00;36:*.opus=00;36:*.spx=00;36:*.xspf=00;36:'), ('GNOME_TERMINAL_SERVICE', ':1.1178'), ('SSH_AGENT_LAUNCHER', 'gnome-keyring'), ('SSH_AUTH_SOCK', '/run/user/1000/keyring/ssh'), ('AMENT_PREFIX_PATH', '/home/cossio/ejer1_ws/install/custom_interface:/opt/ros/humble'), ('SHELL', '/bin/bash'), ('QT_ACCESSIBILITY', '1'), ('GDMSESSION', 'ubuntu'), ('LESSCLOSE', '/usr/bin/lesspipe %s %s'), ('QT_IM_MODULE', 'ibus'), ('PWD', '/home/cossio/ejer1_ws/build/test_move'), ('LC_ALL', 'en_US.UTF-8'), ('XDG_CONFIG_DIRS', '/etc/xdg/xdg-ubuntu:/etc/xdg'), ('XDG_DATA_DIRS', '/usr/share/ubuntu:/home/cossio/.local/share/flatpak/exports/share:/var/lib/flatpak/exports/share:/usr/local/share/:/usr/share/:/var/lib/snapd/desktop'), ('PYTHONPATH', '/home/cossio/ejer1_ws/install/custom_interface/local/lib/python3.10/dist-packages:/opt/ros/humble/lib/python3.10/site-packages:/opt/ros/humble/local/lib/python3.10/dist-packages'), ('COLCON', '1'), ('VTE_VERSION', '6800'), ('CMAKE_PREFIX_PATH', '/home/cossio/ejer1_ws/install/custom_interface:/opt/ros/humble')]), 'shell': False}
[0.228588] (cpp_examples) StdoutLine: {'line': b'-- The C compiler identification is GNU 11.4.0\n'}
[0.229399] (cpp_examples) StdoutLine: {'line': b'-- The CXX compiler identification is GNU 11.4.0\n'}
[0.229444] (cpp_examples) StdoutLine: {'line': b'-- Detecting C compiler ABI info\n'}
[0.229478] (cpp_examples) StdoutLine: {'line': b'-- Detecting C compiler ABI info - done\n'}
[0.229508] (cpp_examples) StdoutLine: {'line': b'-- Check for working C compiler: /usr/bin/cc - skipped\n'}
[0.229537] (cpp_examples) StdoutLine: {'line': b'-- Detecting C compile features\n'}
[0.229566] (cpp_examples) StdoutLine: {'line': b'-- Detecting C compile features - done\n'}
[0.229593] (cpp_examples) StdoutLine: {'line': b'-- Detecting CXX compiler ABI info\n'}
[0.229621] (custom_interface) StdoutLine: {'line': b'\x1b[35m\x1b[1mConsolidate compiler generated dependencies of target custom_interface__rosidl_generator_c\x1b[0m\n'}
[0.229920] (custom_interface) StdoutLine: {'line': b'[  1%] Built target custom_interface__cpp\n'}
[0.230010] (custom_interface) StdoutLine: {'line': b'[ 12%] Built target custom_interface__rosidl_generator_c\n'}
[0.230051] (custom_interface) StdoutLine: {'line': b'[ 12%] Built target ament_cmake_python_symlink_custom_interface\n'}
[0.230084] (custom_interface) StdoutLine: {'line': b'\x1b[35m\x1b[1mConsolidate compiler generated dependencies of target custom_interface__rosidl_typesupport_c\x1b[0m\n'}
[0.230121] (custom_interface) StdoutLine: {'line': b'\x1b[35m\x1b[1mConsolidate compiler generated dependencies of target custom_interface__rosidl_typesupport_introspection_c\x1b[0m\n'}
[0.230158] (custom_interface) StdoutLine: {'line': b'\x1b[35m\x1b[1mConsolidate compiler generated dependencies of target custom_interface__rosidl_typesupport_cpp\x1b[0m\n'}
[0.230195] (custom_interface) StdoutLine: {'line': b'\x1b[35m\x1b[1mConsolidate compiler generated dependencies of target custom_interface__rosidl_typesupport_introspection_cpp\x1b[0m\n'}
[0.230228] (custom_interface) StdoutLine: {'line': b'\x1b[35m\x1b[1mConsolidate compiler generated dependencies of target custom_interface__rosidl_typesupport_fastrtps_cpp\x1b[0m\n'}
[0.230256] (custom_interface) StdoutLine: {'line': b'[ 34%] Built target custom_interface__rosidl_typesupport_introspection_c\n'}
[0.230284] (custom_interface) StdoutLine: {'line': b'[ 34%] Built target custom_interface__rosidl_typesupport_c\n'}
[0.230312] (custom_interface) StdoutLine: {'line': b'\x1b[35m\x1b[1mConsolidate compiler generated dependencies of target custom_interface__rosidl_typesupport_fastrtps_c\x1b[0m\n'}
[0.230340] (custom_interface) StdoutLine: {'line': b'[ 50%] Built target custom_interface__rosidl_typesupport_introspection_cpp\n'}
[0.230367] (custom_interface) StdoutLine: {'line': b'[ 56%] Built target custom_interface__rosidl_typesupport_cpp\n'}
[0.230396] (custom_interface) StdoutLine: {'line': b'[ 67%] Built target custom_interface__rosidl_typesupport_fastrtps_cpp\n'}
[0.230423] (custom_interface) StdoutLine: {'line': b'[ 78%] Built target custom_interface__rosidl_typesupport_fastrtps_c\n'}
[0.230453] (custom_interface) StdoutLine: {'line': b'[ 78%] Built target custom_interface\n'}
[0.230480] (custom_interface) StdoutLine: {'line': b'[ 80%] Built target custom_interface__py\n'}
[0.230507] (custom_interface) StdoutLine: {'line': b'\x1b[35m\x1b[1mConsolidate compiler generated dependencies of target custom_interface__rosidl_generator_py\x1b[0m\n'}
[0.230534] (custom_interface) StdoutLine: {'line': b'[ 89%] Built target custom_interface__rosidl_generator_py\n'}
[0.230573] (custom_interface) StdoutLine: {'line': b'\x1b[35m\x1b[1mConsolidate compiler generated dependencies of target custom_interface__rosidl_typesupport_fastrtps_c__pyext\x1b[0m\n'}
[0.230767] (custom_interface) StdoutLine: {'line': b'\x1b[35m\x1b[1mConsolidate compiler generated dependencies of target custom_interface__rosidl_typesupport_introspection_c__pyext\x1b[0m\n'}
[0.232939] (custom_interface) StdoutLine: {'line': b'\x1b[35m\x1b[1mConsolidate compiler generated dependencies of target custom_interface__rosidl_typesupport_c__pyext\x1b[0m\n'}
[0.233059] (custom_interface) StdoutLine: {'line': b'[100%] Built target custom_interface__rosidl_typesupport_fastrtps_c__pyext\n'}
[0.233105] (custom_interface) StdoutLine: {'line': b'[100%] Built target custom_interface__rosidl_typesupport_c__pyext\n'}
[0.233144] (custom_interface) StdoutLine: {'line': b'[100%] Built target custom_interface__rosidl_typesupport_introspection_c__pyext\n'}
[0.263537] (custom_interface) StdoutLine: {'line': b'running egg_info\n'}
[0.264229] (custom_interface) StdoutLine: {'line': b'writing custom_interface.egg-info/PKG-INFO\n'}
[0.264494] (custom_interface) StdoutLine: {'line': b'writing dependency_links to custom_interface.egg-info/dependency_links.txt\n'}
[0.264645] (custom_interface) StdoutLine: {'line': b'writing top-level names to custom_interface.egg-info/top_level.txt\n'}
[0.266864] (custom_interface) StdoutLine: {'line': b"reading manifest file 'custom_interface.egg-info/SOURCES.txt'\n"}
[0.267443] (custom_interface) StdoutLine: {'line': b"writing manifest file 'custom_interface.egg-info/SOURCES.txt'\n"}
[0.274034] (robot_description) StdoutLine: {'line': b'-- The C compiler identification is GNU 11.4.0\n'}
[0.274529] (test_move) StdoutLine: {'line': b'-- The C compiler identification is GNU 11.4.0\n'}
[0.289451] (cpp_examples) StdoutLine: {'line': b'-- Detecting CXX compiler ABI info - done\n'}
[0.294183] (cpp_examples) StdoutLine: {'line': b'-- Check for working CXX compiler: /usr/bin/c++ - skipped\n'}
[0.294468] (cpp_examples) StdoutLine: {'line': b'-- Detecting CXX compile features\n'}
[0.294649] (cpp_examples) StdoutLine: {'line': b'-- Detecting CXX compile features - done\n'}
[0.296891] (cpp_examples) StdoutLine: {'line': b'-- Found ament_cmake: 1.3.12 (/opt/ros/humble/share/ament_cmake/cmake)\n'}
[0.299985] (-) TimerEvent: {}
[0.314186] (custom_interface) StdoutLine: {'line': b'[100%] Built target ament_cmake_python_build_custom_interface_egg\n'}
[0.321475] (test_move) StdoutLine: {'line': b'-- The CXX compiler identification is GNU 11.4.0\n'}
[0.321737] (robot_description) StdoutLine: {'line': b'-- The CXX compiler identification is GNU 11.4.0\n'}
[0.327147] (test_move) StdoutLine: {'line': b'-- Detecting C compiler ABI info\n'}
[0.328842] (robot_description) StdoutLine: {'line': b'-- Detecting C compiler ABI info\n'}
[0.392408] (test_move) StdoutLine: {'line': b'-- Detecting C compiler ABI info - done\n'}
[0.393083] (robot_description) StdoutLine: {'line': b'-- Detecting C compiler ABI info - done\n'}
[0.396775] (test_move) StdoutLine: {'line': b'-- Check for working C compiler: /usr/bin/cc - skipped\n'}
[0.396999] (test_move) StdoutLine: {'line': b'-- Detecting C compile features\n'}
[0.397215] (test_move) StdoutLine: {'line': b'-- Detecting C compile features - done\n'}
[0.398734] (robot_description) StdoutLine: {'line': b'-- Check for working C compiler: /usr/bin/cc - skipped\n'}
[0.398902] (robot_description) StdoutLine: {'line': b'-- Detecting C compile features\n'}
[0.399148] (robot_description) StdoutLine: {'line': b'-- Detecting C compile features - done\n'}
[0.399299] (test_move) StdoutLine: {'line': b'-- Detecting CXX compiler ABI info\n'}
[0.400067] (-) TimerEvent: {}
[0.401278] (robot_description) StdoutLine: {'line': b'-- Detecting CXX compiler ABI info\n'}
[0.414622] (cpp_examples) StdoutLine: {'line': b'-- Found Python3: /usr/bin/python3 (found version "3.10.12") found components: Interpreter \n'}
[0.434984] (custom_interface) CommandEnded: {'returncode': 0}
[0.436068] (custom_interface) JobProgress: {'identifier': 'custom_interface', 'progress': 'install'}
[0.444086] (custom_interface) Command: {'cmd': ['/usr/bin/cmake', '--install', '/home/cossio/ejer1_ws/build/custom_interface'], 'cwd': '/home/cossio/ejer1_ws/build/custom_interface', 'env': OrderedDict([('LESSOPEN', '| /usr/bin/lesspipe %s'), ('USER', 'cossio'), ('XDG_SESSION_TYPE', 'wayland'), ('SHLVL', '1'), ('LD_LIBRARY_PATH', '/home/cossio/ejer1_ws/install/custom_interface/lib:/usr/lib/x86_64-linux-gnu/gazebo-11/plugins:/opt/ros/humble/opt/rviz_ogre_vendor/lib:/opt/ros/humble/lib/x86_64-linux-gnu:/opt/ros/humble/lib'), ('HOME', '/home/cossio'), ('OLDPWD', '/home/cossio'), ('DESKTOP_SESSION', 'ubuntu'), ('ROS_PYTHON_VERSION', '3'), ('GNOME_SHELL_SESSION_MODE', 'ubuntu'), ('GTK_MODULES', 'gail:atk-bridge'), ('SYSTEMD_EXEC_PID', '1688'), ('DBUS_SESSION_BUS_ADDRESS', 'unix:path=/run/user/1000/bus'), ('COLORTERM', 'truecolor'), ('IM_CONFIG_PHASE', '1'), ('WAYLAND_DISPLAY', 'wayland-0'), ('COLCON_PREFIX_PATH', '/home/cossio/ejer1_ws/install'), ('ROS_DISTRO', 'humble'), ('LOGNAME', 'cossio'), ('_', '/usr/bin/colcon'), ('ROS_VERSION', '2'), ('XDG_SESSION_CLASS', 'user'), ('USERNAME', 'cossio'), ('TERM', 'xterm-256color'), ('GNOME_DESKTOP_SESSION_ID', 'this-is-deprecated'), ('ROS_LOCALHOST_ONLY', '0'), ('PATH', '/opt/ros/humble/bin:/usr/local/sbin:/usr/local/bin:/usr/sbin:/usr/bin:/sbin:/bin:/usr/games:/usr/local/games:/snap/bin:/snap/bin'), ('SESSION_MANAGER', 'local/Cossio-Pc:@/tmp/.ICE-unix/1402,unix/Cossio-Pc:/tmp/.ICE-unix/1402'), ('XDG_MENU_PREFIX', 'gnome-'), ('GNOME_TERMINAL_SCREEN', '/org/gnome/Terminal/screen/5819860b_3235_4fda_9e3c_9b3c6ddf62c5'), ('GNOME_SETUP_DISPLAY', ':1'), ('XDG_RUNTIME_DIR', '/run/user/1000'), ('DISPLAY', ':0'), ('LANG', 'en_US.UTF-8'), ('XDG_CURRENT_DESKTOP', 'ubuntu:GNOME'), ('XMODIFIERS', '@im=ibus'), ('XDG_SESSION_DESKTOP', 'ubuntu'), ('XAUTHORITY', '/run/user/1000/.mutter-Xwaylandauth.43PME3'), ('LS_COLORS', 'rs=0:di=01;34:ln=01;36:mh=00:pi=40;33:so=01;35:do=01;35:bd=40;33;01:cd=40;33;01:or=40;31;01:mi=00:su=37;41:sg=30;43:ca=30;41:tw=30;42:ow=34;42:st=37;44:ex=01;32:*.tar=01;31:*.tgz=01;31:*.arc=01;31:*.arj=01;31:*.taz=01;31:*.lha=01;31:*.lz4=01;31:*.lzh=01;31:*.lzma=01;31:*.tlz=01;31:*.txz=01;31:*.tzo=01;31:*.t7z=01;31:*.zip=01;31:*.z=01;31:*.dz=01;31:*.gz=01;31:*.lrz=01;31:*.lz=01;31:*.lzo=01;31:*.xz=01;31:*.zst=01;31:*.tzst=01;31:*.bz2=01;31:*.bz=01;31:*.tbz=01;31:*.tbz2=01;31:*.tz=01;31:*.deb=01;31:*.rpm=01;31:*.jar=01;31:*.war=01;31:*.ear=01;31:*.sar=01;31:*.rar=01;31:*.alz=01;31:*.ace=01;31:*.zoo=01;31:*.cpio=01;31:*.7z=01;31:*.rz=01;31:*.cab=01;31:*.wim=01;31:*.swm=01;31:*.dwm=01;31:*.esd=01;31:*.jpg=01;35:*.jpeg=01;35:*.mjpg=01;35:*.mjpeg=01;35:*.gif=01;35:*.bmp=01;35:*.pbm=01;35:*.pgm=01;35:*.ppm=01;35:*.tga=01;35:*.xbm=01;35:*.xpm=01;35:*.tif=01;35:*.tiff=01;35:*.png=01;35:*.svg=01;35:*.svgz=01;35:*.mng=01;35:*.pcx=01;35:*.mov=01;35:*.mpg=01;35:*.mpeg=01;35:*.m2v=01;35:*.mkv=01;35:*.webm=01;35:*.webp=01;35:*.ogm=01;35:*.mp4=01;35:*.m4v=01;35:*.mp4v=01;35:*.vob=01;35:*.qt=01;35:*.nuv=01;35:*.wmv=01;35:*.asf=01;35:*.rm=01;35:*.rmvb=01;35:*.flc=01;35:*.avi=01;35:*.fli=01;35:*.flv=01;35:*.gl=01;35:*.dl=01;35:*.xcf=01;35:*.xwd=01;35:*.yuv=01;35:*.cgm=01;35:*.emf=01;35:*.ogv=01;35:*.ogx=01;35:*.aac=00;36:*.au=00;36:*.flac=00;36:*.m4a=00;36:*.mid=00;36:*.midi=00;36:*.mka=00;36:*.mp3=00;36:*.mpc=00;36:*.ogg=00;36:*.ra=00;36:*.wav=00;36:*.oga=00;36:*.opus=00;36:*.spx=00;36:*.xspf=00;36:'), ('GNOME_TERMINAL_SERVICE', ':1.1178'), ('SSH_AGENT_LAUNCHER', 'gnome-keyring'), ('SSH_AUTH_SOCK', '/run/user/1000/keyring/ssh'), ('AMENT_PREFIX_PATH', '/home/cossio/ejer1_ws/install/custom_interface:/opt/ros/humble'), ('SHELL', '/bin/bash'), ('QT_ACCESSIBILITY', '1'), ('GDMSESSION', 'ubuntu'), ('LESSCLOSE', '/usr/bin/lesspipe %s %s'), ('QT_IM_MODULE', 'ibus'), ('PWD', '/home/cossio/ejer1_ws/build/custom_interface'), ('LC_ALL', 'en_US.UTF-8'), ('XDG_CONFIG_DIRS', '/etc/xdg/xdg-ubuntu:/etc/xdg'), ('XDG_DATA_DIRS', '/usr/share/ubuntu:/home/cossio/.local/share/flatpak/exports/share:/var/lib/flatpak/exports/share:/usr/local/share/:/usr/share/:/var/lib/snapd/desktop'), ('PYTHONPATH', '/home/cossio/ejer1_ws/install/custom_interface/local/lib/python3.10/dist-packages:/opt/ros/humble/lib/python3.10/site-packages:/opt/ros/humble/local/lib/python3.10/dist-packages'), ('COLCON', '1'), ('VTE_VERSION', '6800'), ('CMAKE_PREFIX_PATH', '/home/cossio/ejer1_ws/install/custom_interface:/opt/ros/humble')]), 'shell': False}
[0.449955] (custom_interface) StdoutLine: {'line': b'-- Install configuration: ""\n'}
[0.450352] (custom_interface) StdoutLine: {'line': b'-- Execute custom install script\n'}
[0.450505] (custom_interface) StdoutLine: {'line': b'-- Up-to-date symlink: /home/cossio/ejer1_ws/install/custom_interface/share/ament_index/resource_index/rosidl_interfaces/custom_interface\n'}
[0.450921] (custom_interface) StdoutLine: {'line': b'-- Up-to-date symlink: /home/cossio/ejer1_ws/install/custom_interface/include/custom_interface/custom_interface/msg/detail/num__functions.h\n'}
[0.451019] (custom_interface) StdoutLine: {'line': b'-- Up-to-date symlink: /home/cossio/ejer1_ws/install/custom_interface/include/custom_interface/custom_interface/msg/detail/num__struct.h\n'}
[0.451097] (custom_interface) StdoutLine: {'line': b'-- Up-to-date symlink: /home/cossio/ejer1_ws/install/custom_interface/include/custom_interface/custom_interface/msg/detail/num__type_support.h\n'}
[0.451160] (custom_interface) StdoutLine: {'line': b'-- Up-to-date symlink: /home/cossio/ejer1_ws/install/custom_interface/include/custom_interface/custom_interface/msg/detail/sphere__functions.h\n'}
[0.451236] (custom_interface) StdoutLine: {'line': b'-- Up-to-date symlink: /home/cossio/ejer1_ws/install/custom_interface/include/custom_interface/custom_interface/msg/detail/sphere__struct.h\n'}
[0.451300] (custom_interface) StdoutLine: {'line': b'-- Up-to-date symlink: /home/cossio/ejer1_ws/install/custom_interface/include/custom_interface/custom_interface/msg/detail/sphere__type_support.h\n'}
[0.451369] (custom_interface) StdoutLine: {'line': b'-- Up-to-date symlink: /home/cossio/ejer1_ws/install/custom_interface/include/custom_interface/custom_interface/msg/num.h\n'}
[0.451441] (custom_interface) StdoutLine: {'line': b'-- Up-to-date symlink: /home/cossio/ejer1_ws/install/custom_interface/include/custom_interface/custom_interface/msg/rosidl_generator_c__visibility_control.h\n'}
[0.451533] (custom_interface) StdoutLine: {'line': b'-- Up-to-date symlink: /home/cossio/ejer1_ws/install/custom_interface/include/custom_interface/custom_interface/msg/sphere.h\n'}
[0.451606] (custom_interface) StdoutLine: {'line': b'-- Up-to-date symlink: /home/cossio/ejer1_ws/install/custom_interface/include/custom_interface/custom_interface/srv/add_three_ints.h\n'}
[0.451665] (custom_interface) StdoutLine: {'line': b'-- Up-to-date symlink: /home/cossio/ejer1_ws/install/custom_interface/include/custom_interface/custom_interface/srv/detail/add_three_ints__functions.h\n'}
[0.451715] (custom_interface) StdoutLine: {'line': b'-- Up-to-date symlink: /home/cossio/ejer1_ws/install/custom_interface/include/custom_interface/custom_interface/srv/detail/add_three_ints__struct.h\n'}
[0.451780] (custom_interface) StdoutLine: {'line': b'-- Up-to-date symlink: /home/cossio/ejer1_ws/install/custom_interface/include/custom_interface/custom_interface/srv/detail/add_three_ints__type_support.h\n'}
[0.451861] (custom_interface) StdoutLine: {'line': b'-- Up-to-date symlink: /home/cossio/ejer1_ws/install/custom_interface/include/custom_interface/custom_interface/srv/detail/get_position__functions.h\n'}
[0.451935] (custom_interface) StdoutLine: {'line': b'-- Up-to-date symlink: /home/cossio/ejer1_ws/install/custom_interface/include/custom_interface/custom_interface/srv/detail/get_position__struct.h\n'}
[0.452037] (custom_interface) StdoutLine: {'line': b'-- Up-to-date symlink: /home/cossio/ejer1_ws/install/custom_interface/include/custom_interface/custom_interface/srv/detail/get_position__type_support.h\n'}
[0.452122] (custom_interface) StdoutLine: {'line': b'-- Up-to-date symlink: /home/cossio/ejer1_ws/install/custom_interface/include/custom_interface/custom_interface/srv/get_position.h\n'}
[0.452221] (custom_interface) StdoutLine: {'line': b'-- Up-to-date symlink: /home/cossio/ejer1_ws/install/custom_interface/share/custom_interface/environment/library_path.sh\n'}
[0.452311] (custom_interface) StdoutLine: {'line': b'-- Up-to-date symlink: /home/cossio/ejer1_ws/install/custom_interface/share/custom_interface/environment/library_path.dsv\n'}
[0.452684] (custom_interface) StdoutLine: {'line': b'-- Up-to-date symlink: /home/cossio/ejer1_ws/install/custom_interface/include/custom_interface/custom_interface/msg/detail/num__rosidl_typesupport_fastrtps_c.h\n'}
[0.452762] (custom_interface) StdoutLine: {'line': b'-- Up-to-date symlink: /home/cossio/ejer1_ws/install/custom_interface/include/custom_interface/custom_interface/msg/detail/sphere__rosidl_typesupport_fastrtps_c.h\n'}
[0.452853] (custom_interface) StdoutLine: {'line': b'-- Up-to-date symlink: /home/cossio/ejer1_ws/install/custom_interface/include/custom_interface/custom_interface/msg/rosidl_typesupport_fastrtps_c__visibility_control.h\n'}
[0.452936] (custom_interface) StdoutLine: {'line': b'-- Up-to-date symlink: /home/cossio/ejer1_ws/install/custom_interface/include/custom_interface/custom_interface/srv/detail/add_three_ints__rosidl_typesupport_fastrtps_c.h\n'}
[0.452999] (custom_interface) StdoutLine: {'line': b'-- Up-to-date symlink: /home/cossio/ejer1_ws/install/custom_interface/include/custom_interface/custom_interface/srv/detail/get_position__rosidl_typesupport_fastrtps_c.h\n'}
[0.453318] (custom_interface) StdoutLine: {'line': b'-- Up-to-date symlink: /home/cossio/ejer1_ws/install/custom_interface/include/custom_interface/custom_interface/msg/detail/num__builder.hpp\n'}
[0.453399] (custom_interface) StdoutLine: {'line': b'-- Up-to-date symlink: /home/cossio/ejer1_ws/install/custom_interface/include/custom_interface/custom_interface/msg/detail/num__struct.hpp\n'}
[0.453469] (custom_interface) StdoutLine: {'line': b'-- Up-to-date symlink: /home/cossio/ejer1_ws/install/custom_interface/include/custom_interface/custom_interface/msg/detail/num__traits.hpp\n'}
[0.453573] (custom_interface) StdoutLine: {'line': b'-- Up-to-date symlink: /home/cossio/ejer1_ws/install/custom_interface/include/custom_interface/custom_interface/msg/detail/num__type_support.hpp\n'}
[0.453638] (custom_interface) StdoutLine: {'line': b'-- Up-to-date symlink: /home/cossio/ejer1_ws/install/custom_interface/include/custom_interface/custom_interface/msg/detail/sphere__builder.hpp\n'}
[0.453700] (custom_interface) StdoutLine: {'line': b'-- Up-to-date symlink: /home/cossio/ejer1_ws/install/custom_interface/include/custom_interface/custom_interface/msg/detail/sphere__struct.hpp\n'}
[0.453766] (custom_interface) StdoutLine: {'line': b'-- Up-to-date symlink: /home/cossio/ejer1_ws/install/custom_interface/include/custom_interface/custom_interface/msg/detail/sphere__traits.hpp\n'}
[0.453844] (custom_interface) StdoutLine: {'line': b'-- Up-to-date symlink: /home/cossio/ejer1_ws/install/custom_interface/include/custom_interface/custom_interface/msg/detail/sphere__type_support.hpp\n'}
[0.453924] (custom_interface) StdoutLine: {'line': b'-- Up-to-date symlink: /home/cossio/ejer1_ws/install/custom_interface/include/custom_interface/custom_interface/msg/num.hpp\n'}
[0.453997] (custom_interface) StdoutLine: {'line': b'-- Up-to-date symlink: /home/cossio/ejer1_ws/install/custom_interface/include/custom_interface/custom_interface/msg/rosidl_generator_cpp__visibility_control.hpp\n'}
[0.454071] (custom_interface) StdoutLine: {'line': b'-- Up-to-date symlink: /home/cossio/ejer1_ws/install/custom_interface/include/custom_interface/custom_interface/msg/sphere.hpp\n'}
[0.454140] (custom_interface) StdoutLine: {'line': b'-- Up-to-date symlink: /home/cossio/ejer1_ws/install/custom_interface/include/custom_interface/custom_interface/srv/add_three_ints.hpp\n'}
[0.454215] (custom_interface) StdoutLine: {'line': b'-- Up-to-date symlink: /home/cossio/ejer1_ws/install/custom_interface/include/custom_interface/custom_interface/srv/detail/add_three_ints__builder.hpp\n'}
[0.454288] (custom_interface) StdoutLine: {'line': b'-- Up-to-date symlink: /home/cossio/ejer1_ws/install/custom_interface/include/custom_interface/custom_interface/srv/detail/add_three_ints__struct.hpp\n'}
[0.454361] (custom_interface) StdoutLine: {'line': b'-- Up-to-date symlink: /home/cossio/ejer1_ws/install/custom_interface/include/custom_interface/custom_interface/srv/detail/add_three_ints__traits.hpp\n'}
[0.454439] (custom_interface) StdoutLine: {'line': b'-- Up-to-date symlink: /home/cossio/ejer1_ws/install/custom_interface/include/custom_interface/custom_interface/srv/detail/add_three_ints__type_support.hpp\n'}
[0.454514] (custom_interface) StdoutLine: {'line': b'-- Up-to-date symlink: /home/cossio/ejer1_ws/install/custom_interface/include/custom_interface/custom_interface/srv/detail/get_position__builder.hpp\n'}
[0.454591] (custom_interface) StdoutLine: {'line': b'-- Up-to-date symlink: /home/cossio/ejer1_ws/install/custom_interface/include/custom_interface/custom_interface/srv/detail/get_position__struct.hpp\n'}
[0.454665] (custom_interface) StdoutLine: {'line': b'-- Up-to-date symlink: /home/cossio/ejer1_ws/install/custom_interface/include/custom_interface/custom_interface/srv/detail/get_position__traits.hpp\n'}
[0.454737] (custom_interface) StdoutLine: {'line': b'-- Up-to-date symlink: /home/cossio/ejer1_ws/install/custom_interface/include/custom_interface/custom_interface/srv/detail/get_position__type_support.hpp\n'}
[0.454809] (custom_interface) StdoutLine: {'line': b'-- Up-to-date symlink: /home/cossio/ejer1_ws/install/custom_interface/include/custom_interface/custom_interface/srv/get_position.hpp\n'}
[0.455275] (custom_interface) StdoutLine: {'line': b'-- Up-to-date symlink: /home/cossio/ejer1_ws/install/custom_interface/include/custom_interface/custom_interface/msg/detail/num__rosidl_typesupport_fastrtps_cpp.hpp\n'}
[0.455353] (custom_interface) StdoutLine: {'line': b'-- Up-to-date symlink: /home/cossio/ejer1_ws/install/custom_interface/include/custom_interface/custom_interface/msg/detail/sphere__rosidl_typesupport_fastrtps_cpp.hpp\n'}
[0.455421] (custom_interface) StdoutLine: {'line': b'-- Up-to-date symlink: /home/cossio/ejer1_ws/install/custom_interface/include/custom_interface/custom_interface/msg/rosidl_typesupport_fastrtps_cpp__visibility_control.h\n'}
[0.455496] (custom_interface) StdoutLine: {'line': b'-- Up-to-date symlink: /home/cossio/ejer1_ws/install/custom_interface/include/custom_interface/custom_interface/srv/detail/add_three_ints__rosidl_typesupport_fastrtps_cpp.hpp\n'}
[0.455571] (custom_interface) StdoutLine: {'line': b'-- Up-to-date symlink: /home/cossio/ejer1_ws/install/custom_interface/include/custom_interface/custom_interface/srv/detail/get_position__rosidl_typesupport_fastrtps_cpp.hpp\n'}
[0.455840] (custom_interface) StdoutLine: {'line': b'-- Up-to-date symlink: /home/cossio/ejer1_ws/install/custom_interface/include/custom_interface/custom_interface/msg/detail/num__rosidl_typesupport_introspection_c.h\n'}
[0.455915] (custom_interface) StdoutLine: {'line': b'-- Up-to-date symlink: /home/cossio/ejer1_ws/install/custom_interface/include/custom_interface/custom_interface/msg/detail/sphere__rosidl_typesupport_introspection_c.h\n'}
[0.456047] (custom_interface) StdoutLine: {'line': b'-- Up-to-date symlink: /home/cossio/ejer1_ws/install/custom_interface/include/custom_interface/custom_interface/msg/rosidl_typesupport_introspection_c__visibility_control.h\n'}
[0.456144] (custom_interface) StdoutLine: {'line': b'-- Up-to-date symlink: /home/cossio/ejer1_ws/install/custom_interface/include/custom_interface/custom_interface/srv/detail/add_three_ints__rosidl_typesupport_introspection_c.h\n'}
[0.456191] (custom_interface) StdoutLine: {'line': b'-- Up-to-date symlink: /home/cossio/ejer1_ws/install/custom_interface/include/custom_interface/custom_interface/srv/detail/get_position__rosidl_typesupport_introspection_c.h\n'}
[0.456425] (custom_interface) StdoutLine: {'line': b'-- Up-to-date symlink: /home/cossio/ejer1_ws/install/custom_interface/include/custom_interface/custom_interface/msg/detail/num__rosidl_typesupport_introspection_cpp.hpp\n'}
[0.456477] (custom_interface) StdoutLine: {'line': b'-- Up-to-date symlink: /home/cossio/ejer1_ws/install/custom_interface/include/custom_interface/custom_interface/msg/detail/sphere__rosidl_typesupport_introspection_cpp.hpp\n'}
[0.456541] (custom_interface) StdoutLine: {'line': b'-- Up-to-date symlink: /home/cossio/ejer1_ws/install/custom_interface/include/custom_interface/custom_interface/srv/detail/add_three_ints__rosidl_typesupport_introspection_cpp.hpp\n'}
[0.456651] (custom_interface) StdoutLine: {'line': b'-- Up-to-date symlink: /home/cossio/ejer1_ws/install/custom_interface/include/custom_interface/custom_interface/srv/detail/get_position__rosidl_typesupport_introspection_cpp.hpp\n'}
[0.456713] (custom_interface) StdoutLine: {'line': b'-- Up-to-date symlink: /home/cossio/ejer1_ws/install/custom_interface/share/custom_interface/environment/pythonpath.sh\n'}
[0.456848] (custom_interface) StdoutLine: {'line': b'-- Up-to-date symlink: /home/cossio/ejer1_ws/install/custom_interface/share/custom_interface/environment/pythonpath.dsv\n'}
[0.456974] (custom_interface) StdoutLine: {'line': b'-- Up-to-date symlink: /home/cossio/ejer1_ws/install/custom_interface/local/lib/python3.10/dist-packages/custom_interface-0.0.0-py3.10.egg-info/PKG-INFO\n'}
[0.457042] (custom_interface) StdoutLine: {'line': b'-- Up-to-date symlink: /home/cossio/ejer1_ws/install/custom_interface/local/lib/python3.10/dist-packages/custom_interface-0.0.0-py3.10.egg-info/SOURCES.txt\n'}
[0.457113] (custom_interface) StdoutLine: {'line': b'-- Up-to-date symlink: /home/cossio/ejer1_ws/install/custom_interface/local/lib/python3.10/dist-packages/custom_interface-0.0.0-py3.10.egg-info/dependency_links.txt\n'}
[0.457194] (custom_interface) StdoutLine: {'line': b'-- Up-to-date symlink: /home/cossio/ejer1_ws/install/custom_interface/local/lib/python3.10/dist-packages/custom_interface-0.0.0-py3.10.egg-info/top_level.txt\n'}
[0.457652] (custom_interface) StdoutLine: {'line': b'-- Up-to-date symlink: /home/cossio/ejer1_ws/install/custom_interface/local/lib/python3.10/dist-packages/custom_interface/__init__.py\n'}
[0.457751] (custom_interface) StdoutLine: {'line': b'-- Up-to-date symlink: /home/cossio/ejer1_ws/install/custom_interface/local/lib/python3.10/dist-packages/custom_interface/_custom_interface_s.ep.rosidl_typesupport_c.c\n'}
[0.457828] (custom_interface) StdoutLine: {'line': b'-- Up-to-date symlink: /home/cossio/ejer1_ws/install/custom_interface/local/lib/python3.10/dist-packages/custom_interface/_custom_interface_s.ep.rosidl_typesupport_fastrtps_c.c\n'}
[0.457877] (custom_interface) StdoutLine: {'line': b'-- Up-to-date symlink: /home/cossio/ejer1_ws/install/custom_interface/local/lib/python3.10/dist-packages/custom_interface/_custom_interface_s.ep.rosidl_typesupport_introspection_c.c\n'}
[0.457971] (custom_interface) StdoutLine: {'line': b'-- Up-to-date symlink: /home/cossio/ejer1_ws/install/custom_interface/local/lib/python3.10/dist-packages/custom_interface/custom_interface_s__rosidl_typesupport_c.cpython-310-x86_64-linux-gnu.so\n'}
[0.458074] (custom_interface) StdoutLine: {'line': b'-- Up-to-date symlink: /home/cossio/ejer1_ws/install/custom_interface/local/lib/python3.10/dist-packages/custom_interface/custom_interface_s__rosidl_typesupport_fastrtps_c.cpython-310-x86_64-linux-gnu.so\n'}
[0.458135] (custom_interface) StdoutLine: {'line': b'-- Up-to-date symlink: /home/cossio/ejer1_ws/install/custom_interface/local/lib/python3.10/dist-packages/custom_interface/custom_interface_s__rosidl_typesupport_introspection_c.cpython-310-x86_64-linux-gnu.so\n'}
[0.458186] (custom_interface) StdoutLine: {'line': b'-- Up-to-date symlink: /home/cossio/ejer1_ws/install/custom_interface/local/lib/python3.10/dist-packages/custom_interface/libcustom_interface__rosidl_generator_py.so\n'}
[0.458234] (custom_interface) StdoutLine: {'line': b'-- Up-to-date symlink: /home/cossio/ejer1_ws/install/custom_interface/local/lib/python3.10/dist-packages/custom_interface/msg/__init__.py\n'}
[0.458302] (custom_interface) StdoutLine: {'line': b'-- Up-to-date symlink: /home/cossio/ejer1_ws/install/custom_interface/local/lib/python3.10/dist-packages/custom_interface/msg/_num.py\n'}
[0.458377] (custom_interface) StdoutLine: {'line': b'-- Up-to-date symlink: /home/cossio/ejer1_ws/install/custom_interface/local/lib/python3.10/dist-packages/custom_interface/msg/_num_s.c\n'}
[0.458450] (custom_interface) StdoutLine: {'line': b'-- Up-to-date symlink: /home/cossio/ejer1_ws/install/custom_interface/local/lib/python3.10/dist-packages/custom_interface/msg/_sphere.py\n'}
[0.458520] (custom_interface) StdoutLine: {'line': b'-- Up-to-date symlink: /home/cossio/ejer1_ws/install/custom_interface/local/lib/python3.10/dist-packages/custom_interface/msg/_sphere_s.c\n'}
[0.458592] (custom_interface) StdoutLine: {'line': b'-- Up-to-date symlink: /home/cossio/ejer1_ws/install/custom_interface/local/lib/python3.10/dist-packages/custom_interface/srv/__init__.py\n'}
[0.458666] (custom_interface) StdoutLine: {'line': b'-- Up-to-date symlink: /home/cossio/ejer1_ws/install/custom_interface/local/lib/python3.10/dist-packages/custom_interface/srv/_add_three_ints.py\n'}
[0.458740] (custom_interface) StdoutLine: {'line': b'-- Up-to-date symlink: /home/cossio/ejer1_ws/install/custom_interface/local/lib/python3.10/dist-packages/custom_interface/srv/_add_three_ints_s.c\n'}
[0.458854] (custom_interface) StdoutLine: {'line': b'-- Up-to-date symlink: /home/cossio/ejer1_ws/install/custom_interface/local/lib/python3.10/dist-packages/custom_interface/srv/_get_position.py\n'}
[0.459005] (custom_interface) StdoutLine: {'line': b'-- Up-to-date symlink: /home/cossio/ejer1_ws/install/custom_interface/local/lib/python3.10/dist-packages/custom_interface/srv/_get_position_s.c\n'}
[0.459191] (custom_interface) StdoutLine: {'line': b'-- Up-to-date symlink: /home/cossio/ejer1_ws/install/custom_interface/local/lib/python3.10/dist-packages/custom_interface/custom_interface_s__rosidl_typesupport_fastrtps_c.cpython-310-x86_64-linux-gnu.so\n'}
[0.459333] (custom_interface) StdoutLine: {'line': b'-- Up-to-date symlink: /home/cossio/ejer1_ws/install/custom_interface/local/lib/python3.10/dist-packages/custom_interface/custom_interface_s__rosidl_typesupport_introspection_c.cpython-310-x86_64-linux-gnu.so\n'}
[0.459468] (custom_interface) StdoutLine: {'line': b'-- Up-to-date symlink: /home/cossio/ejer1_ws/install/custom_interface/local/lib/python3.10/dist-packages/custom_interface/custom_interface_s__rosidl_typesupport_c.cpython-310-x86_64-linux-gnu.so\n'}
[0.459544] (custom_interface) StdoutLine: {'line': b'-- Up-to-date symlink: /home/cossio/ejer1_ws/install/custom_interface/share/custom_interface/msg/Num.idl\n'}
[0.459644] (custom_interface) StdoutLine: {'line': b'-- Up-to-date symlink: /home/cossio/ejer1_ws/install/custom_interface/share/custom_interface/msg/Sphere.idl\n'}
[0.459743] (custom_interface) StdoutLine: {'line': b'-- Up-to-date symlink: /home/cossio/ejer1_ws/install/custom_interface/share/custom_interface/srv/AddThreeInts.idl\n'}
[0.459895] (custom_interface) StdoutLine: {'line': b'-- Up-to-date symlink: /home/cossio/ejer1_ws/install/custom_interface/share/custom_interface/srv/GetPosition.idl\n'}
[0.459990] (custom_interface) StdoutLine: {'line': b'-- Up-to-date symlink: /home/cossio/ejer1_ws/install/custom_interface/share/custom_interface/msg/Num.msg\n'}
[0.460080] (custom_interface) StdoutLine: {'line': b'-- Up-to-date symlink: /home/cossio/ejer1_ws/install/custom_interface/share/custom_interface/msg/Sphere.msg\n'}
[0.460171] (custom_interface) StdoutLine: {'line': b'-- Up-to-date symlink: /home/cossio/ejer1_ws/install/custom_interface/share/custom_interface/srv/AddThreeInts.srv\n'}
[0.460263] (custom_interface) StdoutLine: {'line': b'-- Up-to-date symlink: /home/cossio/ejer1_ws/install/custom_interface/share/custom_interface/srv/AddThreeInts_Request.msg\n'}
[0.460356] (custom_interface) StdoutLine: {'line': b'-- Up-to-date symlink: /home/cossio/ejer1_ws/install/custom_interface/share/custom_interface/srv/AddThreeInts_Response.msg\n'}
[0.460446] (custom_interface) StdoutLine: {'line': b'-- Up-to-date symlink: /home/cossio/ejer1_ws/install/custom_interface/share/custom_interface/srv/GetPosition.srv\n'}
[0.460540] (custom_interface) StdoutLine: {'line': b'-- Up-to-date symlink: /home/cossio/ejer1_ws/install/custom_interface/share/custom_interface/srv/GetPosition_Request.msg\n'}
[0.460626] (custom_interface) StdoutLine: {'line': b'-- Up-to-date symlink: /home/cossio/ejer1_ws/install/custom_interface/share/custom_interface/srv/GetPosition_Response.msg\n'}
[0.460729] (custom_interface) StdoutLine: {'line': b'-- Up-to-date symlink: /home/cossio/ejer1_ws/install/custom_interface/share/ament_index/resource_index/package_run_dependencies/custom_interface\n'}
[0.460890] (custom_interface) StdoutLine: {'line': b'-- Up-to-date symlink: /home/cossio/ejer1_ws/install/custom_interface/share/ament_index/resource_index/parent_prefix_path/custom_interface\n'}
[0.460990] (custom_interface) StdoutLine: {'line': b'-- Up-to-date symlink: /home/cossio/ejer1_ws/install/custom_interface/share/custom_interface/environment/ament_prefix_path.sh\n'}
[0.461074] (custom_interface) StdoutLine: {'line': b'-- Up-to-date symlink: /home/cossio/ejer1_ws/install/custom_interface/share/custom_interface/environment/ament_prefix_path.dsv\n'}
[0.461163] (custom_interface) StdoutLine: {'line': b'-- Up-to-date symlink: /home/cossio/ejer1_ws/install/custom_interface/share/custom_interface/environment/path.sh\n'}
[0.461247] (custom_interface) StdoutLine: {'line': b'-- Up-to-date symlink: /home/cossio/ejer1_ws/install/custom_interface/share/custom_interface/environment/path.dsv\n'}
[0.461329] (custom_interface) StdoutLine: {'line': b'-- Up-to-date symlink: /home/cossio/ejer1_ws/install/custom_interface/share/custom_interface/local_setup.bash\n'}
[0.461410] (custom_interface) StdoutLine: {'line': b'-- Up-to-date symlink: /home/cossio/ejer1_ws/install/custom_interface/share/custom_interface/local_setup.sh\n'}
[0.461486] (custom_interface) StdoutLine: {'line': b'-- Up-to-date symlink: /home/cossio/ejer1_ws/install/custom_interface/share/custom_interface/local_setup.zsh\n'}
[0.461568] (custom_interface) StdoutLine: {'line': b'-- Up-to-date symlink: /home/cossio/ejer1_ws/install/custom_interface/share/custom_interface/local_setup.dsv\n'}
[0.461623] (custom_interface) StdoutLine: {'line': b'-- Symlinking: /home/cossio/ejer1_ws/install/custom_interface/share/custom_interface/package.dsv\n'}
[0.472414] (custom_interface) StdoutLine: {'line': b'-- Up-to-date symlink: /home/cossio/ejer1_ws/install/custom_interface/share/ament_index/resource_index/packages/custom_interface\n'}
[0.472742] (custom_interface) StdoutLine: {'line': b'-- Up-to-date symlink: /home/cossio/ejer1_ws/install/custom_interface/share/custom_interface/cmake/rosidl_cmake-extras.cmake\n'}
[0.472889] (custom_interface) StdoutLine: {'line': b'-- Up-to-date symlink: /home/cossio/ejer1_ws/install/custom_interface/share/custom_interface/cmake/ament_cmake_export_dependencies-extras.cmake\n'}
[0.472957] (custom_interface) StdoutLine: {'line': b'-- Up-to-date symlink: /home/cossio/ejer1_ws/install/custom_interface/share/custom_interface/cmake/ament_cmake_export_include_directories-extras.cmake\n'}
[0.472999] (custom_interface) StdoutLine: {'line': b'-- Up-to-date symlink: /home/cossio/ejer1_ws/install/custom_interface/share/custom_interface/cmake/ament_cmake_export_libraries-extras.cmake\n'}
[0.473108] (custom_interface) StdoutLine: {'line': b'-- Up-to-date symlink: /home/cossio/ejer1_ws/install/custom_interface/share/custom_interface/cmake/ament_cmake_export_targets-extras.cmake\n'}
[0.473154] (custom_interface) StdoutLine: {'line': b'-- Up-to-date symlink: /home/cossio/ejer1_ws/install/custom_interface/share/custom_interface/cmake/rosidl_cmake_export_typesupport_targets-extras.cmake\n'}
[0.473185] (custom_interface) StdoutLine: {'line': b'-- Up-to-date symlink: /home/cossio/ejer1_ws/install/custom_interface/share/custom_interface/cmake/rosidl_cmake_export_typesupport_libraries-extras.cmake\n'}
[0.473215] (custom_interface) StdoutLine: {'line': b'-- Up-to-date symlink: /home/cossio/ejer1_ws/install/custom_interface/share/custom_interface/cmake/custom_interfaceConfig.cmake\n'}
[0.473242] (custom_interface) StdoutLine: {'line': b'-- Up-to-date symlink: /home/cossio/ejer1_ws/install/custom_interface/share/custom_interface/cmake/custom_interfaceConfig-version.cmake\n'}
[0.473269] (custom_interface) StdoutLine: {'line': b'-- Up-to-date symlink: /home/cossio/ejer1_ws/install/custom_interface/share/custom_interface/package.xml\n'}
[0.473353] (custom_interface) StdoutLine: {'line': b'-- Up-to-date: /home/cossio/ejer1_ws/install/custom_interface/lib/libcustom_interface__rosidl_generator_c.so\n'}
[0.473546] (custom_interface) StdoutLine: {'line': b'-- Up-to-date: /home/cossio/ejer1_ws/install/custom_interface/lib/libcustom_interface__rosidl_typesupport_fastrtps_c.so\n'}
[0.473755] (custom_interface) StdoutLine: {'line': b'-- Up-to-date: /home/cossio/ejer1_ws/install/custom_interface/lib/libcustom_interface__rosidl_typesupport_fastrtps_cpp.so\n'}
[0.473936] (custom_interface) StdoutLine: {'line': b'-- Up-to-date: /home/cossio/ejer1_ws/install/custom_interface/lib/libcustom_interface__rosidl_typesupport_introspection_c.so\n'}
[0.474100] (custom_interface) StdoutLine: {'line': b'-- Up-to-date: /home/cossio/ejer1_ws/install/custom_interface/lib/libcustom_interface__rosidl_typesupport_c.so\n'}
[0.474671] (custom_interface) StdoutLine: {'line': b'-- Up-to-date: /home/cossio/ejer1_ws/install/custom_interface/lib/libcustom_interface__rosidl_typesupport_introspection_cpp.so\n'}
[0.474741] (custom_interface) StdoutLine: {'line': b'-- Up-to-date: /home/cossio/ejer1_ws/install/custom_interface/lib/libcustom_interface__rosidl_typesupport_cpp.so\n'}
[0.475422] (cpp_examples) StdoutLine: {'line': b'-- Override CMake install command with custom implementation using symlinks instead of copying resources\n'}
[0.475949] (robot_description) StdoutLine: {'line': b'-- Detecting CXX compiler ABI info - done\n'}
[0.476027] (test_move) StdoutLine: {'line': b'-- Detecting CXX compiler ABI info - done\n'}
[0.480550] (robot_description) StdoutLine: {'line': b'-- Check for working CXX compiler: /usr/bin/c++ - skipped\n'}
[0.480797] (robot_description) StdoutLine: {'line': b'-- Detecting CXX compile features\n'}
[0.480980] (test_move) StdoutLine: {'line': b'-- Check for working CXX compiler: /usr/bin/c++ - skipped\n'}
[0.481129] (robot_description) StdoutLine: {'line': b'-- Detecting CXX compile features - done\n'}
[0.481267] (test_move) StdoutLine: {'line': b'-- Detecting CXX compile features\n'}
[0.481340] (test_move) StdoutLine: {'line': b'-- Detecting CXX compile features - done\n'}
[0.482964] (robot_description) StdoutLine: {'line': b'-- Found ament_cmake: 1.3.12 (/opt/ros/humble/share/ament_cmake/cmake)\n'}
[0.483086] (test_move) StdoutLine: {'line': b'-- Found ament_cmake: 1.3.12 (/opt/ros/humble/share/ament_cmake/cmake)\n'}
[0.496902] (custom_interface) StdoutLine: {'line': b"Listing '/home/cossio/ejer1_ws/install/custom_interface/local/lib/python3.10/dist-packages/custom_interface'...\n"}
[0.497168] (custom_interface) StdoutLine: {'line': b"Listing '/home/cossio/ejer1_ws/install/custom_interface/local/lib/python3.10/dist-packages/custom_interface/msg'...\n"}
[0.497261] (custom_interface) StdoutLine: {'line': b"Listing '/home/cossio/ejer1_ws/install/custom_interface/local/lib/python3.10/dist-packages/custom_interface/srv'...\n"}
[0.500229] (-) TimerEvent: {}
[0.500717] (cpp_examples) StdoutLine: {'line': b'-- Found rclcpp: 16.0.14 (/opt/ros/humble/share/rclcpp/cmake)\n'}
[0.501366] (custom_interface) StdoutLine: {'line': b'-- Up-to-date: /home/cossio/ejer1_ws/install/custom_interface/lib/libcustom_interface__rosidl_generator_py.so\n'}
[0.501761] (custom_interface) StdoutLine: {'line': b'-- Up-to-date: /home/cossio/ejer1_ws/install/custom_interface/share/custom_interface/cmake/export_custom_interface__rosidl_generator_cExport.cmake\n'}
[0.501867] (custom_interface) StdoutLine: {'line': b'-- Up-to-date: /home/cossio/ejer1_ws/install/custom_interface/share/custom_interface/cmake/export_custom_interface__rosidl_generator_cExport-noconfig.cmake\n'}
[0.501952] (custom_interface) StdoutLine: {'line': b'-- Up-to-date: /home/cossio/ejer1_ws/install/custom_interface/share/custom_interface/cmake/export_custom_interface__rosidl_typesupport_fastrtps_cExport.cmake\n'}
[0.501998] (custom_interface) StdoutLine: {'line': b'-- Up-to-date: /home/cossio/ejer1_ws/install/custom_interface/share/custom_interface/cmake/export_custom_interface__rosidl_typesupport_fastrtps_cExport-noconfig.cmake\n'}
[0.502066] (custom_interface) StdoutLine: {'line': b'-- Up-to-date: /home/cossio/ejer1_ws/install/custom_interface/share/custom_interface/cmake/export_custom_interface__rosidl_generator_cppExport.cmake\n'}
[0.502098] (custom_interface) StdoutLine: {'line': b'-- Up-to-date: /home/cossio/ejer1_ws/install/custom_interface/share/custom_interface/cmake/export_custom_interface__rosidl_typesupport_fastrtps_cppExport.cmake\n'}
[0.502151] (custom_interface) StdoutLine: {'line': b'-- Up-to-date: /home/cossio/ejer1_ws/install/custom_interface/share/custom_interface/cmake/export_custom_interface__rosidl_typesupport_fastrtps_cppExport-noconfig.cmake\n'}
[0.502181] (custom_interface) StdoutLine: {'line': b'-- Up-to-date: /home/cossio/ejer1_ws/install/custom_interface/share/custom_interface/cmake/custom_interface__rosidl_typesupport_introspection_cExport.cmake\n'}
[0.502213] (custom_interface) StdoutLine: {'line': b'-- Up-to-date: /home/cossio/ejer1_ws/install/custom_interface/share/custom_interface/cmake/custom_interface__rosidl_typesupport_introspection_cExport-noconfig.cmake\n'}
[0.502270] (custom_interface) StdoutLine: {'line': b'-- Up-to-date: /home/cossio/ejer1_ws/install/custom_interface/share/custom_interface/cmake/custom_interface__rosidl_typesupport_cExport.cmake\n'}
[0.502315] (custom_interface) StdoutLine: {'line': b'-- Up-to-date: /home/cossio/ejer1_ws/install/custom_interface/share/custom_interface/cmake/custom_interface__rosidl_typesupport_cExport-noconfig.cmake\n'}
[0.502375] (custom_interface) StdoutLine: {'line': b'-- Up-to-date: /home/cossio/ejer1_ws/install/custom_interface/share/custom_interface/cmake/custom_interface__rosidl_typesupport_introspection_cppExport.cmake\n'}
[0.502413] (custom_interface) StdoutLine: {'line': b'-- Up-to-date: /home/cossio/ejer1_ws/install/custom_interface/share/custom_interface/cmake/custom_interface__rosidl_typesupport_introspection_cppExport-noconfig.cmake\n'}
[0.502452] (custom_interface) StdoutLine: {'line': b'-- Up-to-date: /home/cossio/ejer1_ws/install/custom_interface/share/custom_interface/cmake/custom_interface__rosidl_typesupport_cppExport.cmake\n'}
[0.502510] (custom_interface) StdoutLine: {'line': b'-- Up-to-date: /home/cossio/ejer1_ws/install/custom_interface/share/custom_interface/cmake/custom_interface__rosidl_typesupport_cppExport-noconfig.cmake\n'}
[0.502537] (custom_interface) StdoutLine: {'line': b'-- Up-to-date: /home/cossio/ejer1_ws/install/custom_interface/share/custom_interface/cmake/export_custom_interface__rosidl_generator_pyExport.cmake\n'}
[0.502563] (custom_interface) StdoutLine: {'line': b'-- Up-to-date: /home/cossio/ejer1_ws/install/custom_interface/share/custom_interface/cmake/export_custom_interface__rosidl_generator_pyExport-noconfig.cmake\n'}
[0.505602] (custom_interface) CommandEnded: {'returncode': 0}
[0.517930] (custom_interface) JobEnded: {'identifier': 'custom_interface', 'rc': 0}
[0.538019] (cpp_examples) StdoutLine: {'line': b'-- Found rosidl_generator_c: 3.1.7 (/opt/ros/humble/share/rosidl_generator_c/cmake)\n'}
[0.541944] (cpp_examples) StdoutLine: {'line': b'-- Found rosidl_adapter: 3.1.7 (/opt/ros/humble/share/rosidl_adapter/cmake)\n'}
[0.548282] (cpp_examples) StdoutLine: {'line': b'-- Found rosidl_generator_cpp: 3.1.7 (/opt/ros/humble/share/rosidl_generator_cpp/cmake)\n'}
[0.556952] (cpp_examples) StdoutLine: {'line': b'-- Using all available rosidl_typesupport_c: rosidl_typesupport_fastrtps_c;rosidl_typesupport_introspection_c\n'}
[0.568456] (cpp_examples) StdoutLine: {'line': b'-- Using all available rosidl_typesupport_cpp: rosidl_typesupport_fastrtps_cpp;rosidl_typesupport_introspection_cpp\n'}
[0.595996] (test_move) StdoutLine: {'line': b'-- Found Python3: /usr/bin/python3 (found version "3.10.12") found components: Interpreter \n'}
[0.596320] (robot_description) StdoutLine: {'line': b'-- Found Python3: /usr/bin/python3 (found version "3.10.12") found components: Interpreter \n'}
[0.600357] (-) TimerEvent: {}
[0.601622] (cpp_examples) StdoutLine: {'line': b'-- Found rmw_implementation_cmake: 6.1.2 (/opt/ros/humble/share/rmw_implementation_cmake/cmake)\n'}
[0.603849] (cpp_examples) StdoutLine: {'line': b'-- Found rmw_fastrtps_cpp: 6.2.8 (/opt/ros/humble/share/rmw_fastrtps_cpp/cmake)\n'}
[0.648281] (test_move) StdoutLine: {'line': b'-- Override CMake install command with custom implementation using symlinks instead of copying resources\n'}
[0.648467] (robot_description) StdoutLine: {'line': b'-- Override CMake install command with custom implementation using symlinks instead of copying resources\n'}
[0.673521] (test_move) StdoutLine: {'line': b'-- Found moveit_ros_planning_interface: 2.5.9 (/opt/ros/humble/share/moveit_ros_planning_interface/cmake)\n'}
[0.675044] (robot_description) StdoutLine: {'line': b'-- Found ament_lint_auto: 0.12.14 (/opt/ros/humble/share/ament_lint_auto/cmake)\n'}
[0.692643] (cpp_examples) StdoutLine: {'line': b'-- Found OpenSSL: /usr/lib/x86_64-linux-gnu/libcrypto.so (found version "3.0.2")  \n'}
[0.700521] (-) TimerEvent: {}
[0.720540] (cpp_examples) StdoutLine: {'line': b'-- Found FastRTPS: /opt/ros/humble/include  \n'}
[0.741501] (robot_description) StdoutLine: {'line': b"-- Added test 'flake8' to check Python code syntax and style conventions\n"}
[0.742033] (robot_description) StdoutLine: {'line': b"-- Added test 'lint_cmake' to check CMake code style\n"}
[0.742466] (robot_description) StdoutLine: {'line': b"-- Added test 'pep257' to check Python code against some of the docstring style conventions in PEP 257\n"}
[0.744166] (robot_description) StdoutLine: {'line': b"-- Added test 'xmllint' to check XML markup files\n"}
[0.745226] (robot_description) StdoutLine: {'line': b'-- Configuring done\n'}
[0.747664] (robot_description) StdoutLine: {'line': b'-- Generating done\n'}
[0.748976] (robot_description) StdoutLine: {'line': b'-- Build files have been written to: /home/cossio/ejer1_ws/build/robot_description\n'}
[0.749800] (py_examples) Command: {'cmd': ['/usr/bin/python3', '-W', 'ignore:setup.py install is deprecated', '-W', 'ignore:easy_install command is deprecated', 'setup.py', 'develop', '--editable', '--build-directory', '/home/cossio/ejer1_ws/build/py_examples/build', '--no-deps', 'symlink_data'], 'cwd': '/home/cossio/ejer1_ws/build/py_examples', 'env': {'LESSOPEN': '| /usr/bin/lesspipe %s', 'USER': 'cossio', 'XDG_SESSION_TYPE': 'wayland', 'SHLVL': '1', 'LD_LIBRARY_PATH': '/home/cossio/ejer1_ws/install/custom_interface/lib:/usr/lib/x86_64-linux-gnu/gazebo-11/plugins:/opt/ros/humble/opt/rviz_ogre_vendor/lib:/opt/ros/humble/lib/x86_64-linux-gnu:/opt/ros/humble/lib', 'HOME': '/home/cossio', 'OLDPWD': '/home/cossio', 'DESKTOP_SESSION': 'ubuntu', 'ROS_PYTHON_VERSION': '3', 'GNOME_SHELL_SESSION_MODE': 'ubuntu', 'GTK_MODULES': 'gail:atk-bridge', 'SYSTEMD_EXEC_PID': '1688', 'DBUS_SESSION_BUS_ADDRESS': 'unix:path=/run/user/1000/bus', 'COLORTERM': 'truecolor', 'IM_CONFIG_PHASE': '1', 'WAYLAND_DISPLAY': 'wayland-0', 'COLCON_PREFIX_PATH': '/home/cossio/ejer1_ws/install', 'ROS_DISTRO': 'humble', 'LOGNAME': 'cossio', '_': '/usr/bin/colcon', 'ROS_VERSION': '2', 'XDG_SESSION_CLASS': 'user', 'USERNAME': 'cossio', 'TERM': 'xterm-256color', 'GNOME_DESKTOP_SESSION_ID': 'this-is-deprecated', 'ROS_LOCALHOST_ONLY': '0', 'PATH': '/opt/ros/humble/bin:/usr/local/sbin:/usr/local/bin:/usr/sbin:/usr/bin:/sbin:/bin:/usr/games:/usr/local/games:/snap/bin:/snap/bin', 'SESSION_MANAGER': 'local/Cossio-Pc:@/tmp/.ICE-unix/1402,unix/Cossio-Pc:/tmp/.ICE-unix/1402', 'XDG_MENU_PREFIX': 'gnome-', 'GNOME_TERMINAL_SCREEN': '/org/gnome/Terminal/screen/5819860b_3235_4fda_9e3c_9b3c6ddf62c5', 'GNOME_SETUP_DISPLAY': ':1', 'XDG_RUNTIME_DIR': '/run/user/1000', 'DISPLAY': ':0', 'LANG': 'en_US.UTF-8', 'XDG_CURRENT_DESKTOP': 'ubuntu:GNOME', 'XMODIFIERS': '@im=ibus', 'XDG_SESSION_DESKTOP': 'ubuntu', 'XAUTHORITY': '/run/user/1000/.mutter-Xwaylandauth.43PME3', 'LS_COLORS': 'rs=0:di=01;34:ln=01;36:mh=00:pi=40;33:so=01;35:do=01;35:bd=40;33;01:cd=40;33;01:or=40;31;01:mi=00:su=37;41:sg=30;43:ca=30;41:tw=30;42:ow=34;42:st=37;44:ex=01;32:*.tar=01;31:*.tgz=01;31:*.arc=01;31:*.arj=01;31:*.taz=01;31:*.lha=01;31:*.lz4=01;31:*.lzh=01;31:*.lzma=01;31:*.tlz=01;31:*.txz=01;31:*.tzo=01;31:*.t7z=01;31:*.zip=01;31:*.z=01;31:*.dz=01;31:*.gz=01;31:*.lrz=01;31:*.lz=01;31:*.lzo=01;31:*.xz=01;31:*.zst=01;31:*.tzst=01;31:*.bz2=01;31:*.bz=01;31:*.tbz=01;31:*.tbz2=01;31:*.tz=01;31:*.deb=01;31:*.rpm=01;31:*.jar=01;31:*.war=01;31:*.ear=01;31:*.sar=01;31:*.rar=01;31:*.alz=01;31:*.ace=01;31:*.zoo=01;31:*.cpio=01;31:*.7z=01;31:*.rz=01;31:*.cab=01;31:*.wim=01;31:*.swm=01;31:*.dwm=01;31:*.esd=01;31:*.jpg=01;35:*.jpeg=01;35:*.mjpg=01;35:*.mjpeg=01;35:*.gif=01;35:*.bmp=01;35:*.pbm=01;35:*.pgm=01;35:*.ppm=01;35:*.tga=01;35:*.xbm=01;35:*.xpm=01;35:*.tif=01;35:*.tiff=01;35:*.png=01;35:*.svg=01;35:*.svgz=01;35:*.mng=01;35:*.pcx=01;35:*.mov=01;35:*.mpg=01;35:*.mpeg=01;35:*.m2v=01;35:*.mkv=01;35:*.webm=01;35:*.webp=01;35:*.ogm=01;35:*.mp4=01;35:*.m4v=01;35:*.mp4v=01;35:*.vob=01;35:*.qt=01;35:*.nuv=01;35:*.wmv=01;35:*.asf=01;35:*.rm=01;35:*.rmvb=01;35:*.flc=01;35:*.avi=01;35:*.fli=01;35:*.flv=01;35:*.gl=01;35:*.dl=01;35:*.xcf=01;35:*.xwd=01;35:*.yuv=01;35:*.cgm=01;35:*.emf=01;35:*.ogv=01;35:*.ogx=01;35:*.aac=00;36:*.au=00;36:*.flac=00;36:*.m4a=00;36:*.mid=00;36:*.midi=00;36:*.mka=00;36:*.mp3=00;36:*.mpc=00;36:*.ogg=00;36:*.ra=00;36:*.wav=00;36:*.oga=00;36:*.opus=00;36:*.spx=00;36:*.xspf=00;36:', 'GNOME_TERMINAL_SERVICE': ':1.1178', 'SSH_AGENT_LAUNCHER': 'gnome-keyring', 'SSH_AUTH_SOCK': '/run/user/1000/keyring/ssh', 'AMENT_PREFIX_PATH': '/home/cossio/ejer1_ws/install/custom_interface:/opt/ros/humble', 'SHELL': '/bin/bash', 'QT_ACCESSIBILITY': '1', 'GDMSESSION': 'ubuntu', 'LESSCLOSE': '/usr/bin/lesspipe %s %s', 'QT_IM_MODULE': 'ibus', 'PWD': '/home/cossio/ejer1_ws/build/py_examples', 'LC_ALL': 'en_US.UTF-8', 'XDG_CONFIG_DIRS': '/etc/xdg/xdg-ubuntu:/etc/xdg', 'XDG_DATA_DIRS': '/usr/share/ubuntu:/home/cossio/.local/share/flatpak/exports/share:/var/lib/flatpak/exports/share:/usr/local/share/:/usr/share/:/var/lib/snapd/desktop', 'PYTHONPATH': '/home/cossio/ejer1_ws/build/py_examples/prefix_override:/usr/lib/python3/dist-packages/colcon_core/task/python/colcon_distutils_commands:/home/cossio/ejer1_ws/install/py_examples/lib/python3.10/site-packages:/home/cossio/ejer1_ws/install/custom_interface/local/lib/python3.10/dist-packages:/opt/ros/humble/lib/python3.10/site-packages:/opt/ros/humble/local/lib/python3.10/dist-packages', 'COLCON': '1', 'VTE_VERSION': '6800', 'CMAKE_PREFIX_PATH': '/home/cossio/ejer1_ws/install/custom_interface'}, 'shell': False}
[0.751964] (visual_pubsub) Command: {'cmd': ['/usr/bin/python3', '-W', 'ignore:setup.py install is deprecated', '-W', 'ignore:easy_install command is deprecated', 'setup.py', 'develop', '--editable', '--build-directory', '/home/cossio/ejer1_ws/build/visual_pubsub/build', '--no-deps', 'symlink_data'], 'cwd': '/home/cossio/ejer1_ws/build/visual_pubsub', 'env': {'LESSOPEN': '| /usr/bin/lesspipe %s', 'USER': 'cossio', 'XDG_SESSION_TYPE': 'wayland', 'SHLVL': '1', 'LD_LIBRARY_PATH': '/home/cossio/ejer1_ws/install/custom_interface/lib:/usr/lib/x86_64-linux-gnu/gazebo-11/plugins:/opt/ros/humble/opt/rviz_ogre_vendor/lib:/opt/ros/humble/lib/x86_64-linux-gnu:/opt/ros/humble/lib', 'HOME': '/home/cossio', 'OLDPWD': '/home/cossio', 'DESKTOP_SESSION': 'ubuntu', 'ROS_PYTHON_VERSION': '3', 'GNOME_SHELL_SESSION_MODE': 'ubuntu', 'GTK_MODULES': 'gail:atk-bridge', 'SYSTEMD_EXEC_PID': '1688', 'DBUS_SESSION_BUS_ADDRESS': 'unix:path=/run/user/1000/bus', 'COLORTERM': 'truecolor', 'IM_CONFIG_PHASE': '1', 'WAYLAND_DISPLAY': 'wayland-0', 'COLCON_PREFIX_PATH': '/home/cossio/ejer1_ws/install', 'ROS_DISTRO': 'humble', 'LOGNAME': 'cossio', '_': '/usr/bin/colcon', 'ROS_VERSION': '2', 'XDG_SESSION_CLASS': 'user', 'USERNAME': 'cossio', 'TERM': 'xterm-256color', 'GNOME_DESKTOP_SESSION_ID': 'this-is-deprecated', 'ROS_LOCALHOST_ONLY': '0', 'PATH': '/opt/ros/humble/bin:/usr/local/sbin:/usr/local/bin:/usr/sbin:/usr/bin:/sbin:/bin:/usr/games:/usr/local/games:/snap/bin:/snap/bin', 'SESSION_MANAGER': 'local/Cossio-Pc:@/tmp/.ICE-unix/1402,unix/Cossio-Pc:/tmp/.ICE-unix/1402', 'XDG_MENU_PREFIX': 'gnome-', 'GNOME_TERMINAL_SCREEN': '/org/gnome/Terminal/screen/5819860b_3235_4fda_9e3c_9b3c6ddf62c5', 'GNOME_SETUP_DISPLAY': ':1', 'XDG_RUNTIME_DIR': '/run/user/1000', 'DISPLAY': ':0', 'LANG': 'en_US.UTF-8', 'XDG_CURRENT_DESKTOP': 'ubuntu:GNOME', 'XMODIFIERS': '@im=ibus', 'XDG_SESSION_DESKTOP': 'ubuntu', 'XAUTHORITY': '/run/user/1000/.mutter-Xwaylandauth.43PME3', 'LS_COLORS': 'rs=0:di=01;34:ln=01;36:mh=00:pi=40;33:so=01;35:do=01;35:bd=40;33;01:cd=40;33;01:or=40;31;01:mi=00:su=37;41:sg=30;43:ca=30;41:tw=30;42:ow=34;42:st=37;44:ex=01;32:*.tar=01;31:*.tgz=01;31:*.arc=01;31:*.arj=01;31:*.taz=01;31:*.lha=01;31:*.lz4=01;31:*.lzh=01;31:*.lzma=01;31:*.tlz=01;31:*.txz=01;31:*.tzo=01;31:*.t7z=01;31:*.zip=01;31:*.z=01;31:*.dz=01;31:*.gz=01;31:*.lrz=01;31:*.lz=01;31:*.lzo=01;31:*.xz=01;31:*.zst=01;31:*.tzst=01;31:*.bz2=01;31:*.bz=01;31:*.tbz=01;31:*.tbz2=01;31:*.tz=01;31:*.deb=01;31:*.rpm=01;31:*.jar=01;31:*.war=01;31:*.ear=01;31:*.sar=01;31:*.rar=01;31:*.alz=01;31:*.ace=01;31:*.zoo=01;31:*.cpio=01;31:*.7z=01;31:*.rz=01;31:*.cab=01;31:*.wim=01;31:*.swm=01;31:*.dwm=01;31:*.esd=01;31:*.jpg=01;35:*.jpeg=01;35:*.mjpg=01;35:*.mjpeg=01;35:*.gif=01;35:*.bmp=01;35:*.pbm=01;35:*.pgm=01;35:*.ppm=01;35:*.tga=01;35:*.xbm=01;35:*.xpm=01;35:*.tif=01;35:*.tiff=01;35:*.png=01;35:*.svg=01;35:*.svgz=01;35:*.mng=01;35:*.pcx=01;35:*.mov=01;35:*.mpg=01;35:*.mpeg=01;35:*.m2v=01;35:*.mkv=01;35:*.webm=01;35:*.webp=01;35:*.ogm=01;35:*.mp4=01;35:*.m4v=01;35:*.mp4v=01;35:*.vob=01;35:*.qt=01;35:*.nuv=01;35:*.wmv=01;35:*.asf=01;35:*.rm=01;35:*.rmvb=01;35:*.flc=01;35:*.avi=01;35:*.fli=01;35:*.flv=01;35:*.gl=01;35:*.dl=01;35:*.xcf=01;35:*.xwd=01;35:*.yuv=01;35:*.cgm=01;35:*.emf=01;35:*.ogv=01;35:*.ogx=01;35:*.aac=00;36:*.au=00;36:*.flac=00;36:*.m4a=00;36:*.mid=00;36:*.midi=00;36:*.mka=00;36:*.mp3=00;36:*.mpc=00;36:*.ogg=00;36:*.ra=00;36:*.wav=00;36:*.oga=00;36:*.opus=00;36:*.spx=00;36:*.xspf=00;36:', 'GNOME_TERMINAL_SERVICE': ':1.1178', 'SSH_AGENT_LAUNCHER': 'gnome-keyring', 'SSH_AUTH_SOCK': '/run/user/1000/keyring/ssh', 'AMENT_PREFIX_PATH': '/home/cossio/ejer1_ws/install/custom_interface:/opt/ros/humble', 'SHELL': '/bin/bash', 'QT_ACCESSIBILITY': '1', 'GDMSESSION': 'ubuntu', 'LESSCLOSE': '/usr/bin/lesspipe %s %s', 'QT_IM_MODULE': 'ibus', 'PWD': '/home/cossio/ejer1_ws/build/visual_pubsub', 'LC_ALL': 'en_US.UTF-8', 'XDG_CONFIG_DIRS': '/etc/xdg/xdg-ubuntu:/etc/xdg', 'XDG_DATA_DIRS': '/usr/share/ubuntu:/home/cossio/.local/share/flatpak/exports/share:/var/lib/flatpak/exports/share:/usr/local/share/:/usr/share/:/var/lib/snapd/desktop', 'PYTHONPATH': '/home/cossio/ejer1_ws/build/visual_pubsub/prefix_override:/usr/lib/python3/dist-packages/colcon_core/task/python/colcon_distutils_commands:/home/cossio/ejer1_ws/install/visual_pubsub/lib/python3.10/site-packages:/home/cossio/ejer1_ws/install/custom_interface/local/lib/python3.10/dist-packages:/opt/ros/humble/lib/python3.10/site-packages:/opt/ros/humble/local/lib/python3.10/dist-packages', 'COLCON': '1', 'VTE_VERSION': '6800', 'CMAKE_PREFIX_PATH': '/home/cossio/ejer1_ws/install/custom_interface'}, 'shell': False}
[0.756304] (robot_description) CommandEnded: {'returncode': 0}
[0.757904] (robot_description) JobProgress: {'identifier': 'robot_description', 'progress': 'build'}
[0.758013] (robot_description) Command: {'cmd': ['/usr/bin/cmake', '--build', '/home/cossio/ejer1_ws/build/robot_description', '--', '-j16', '-l16'], 'cwd': '/home/cossio/ejer1_ws/build/robot_description', 'env': OrderedDict([('LESSOPEN', '| /usr/bin/lesspipe %s'), ('USER', 'cossio'), ('XDG_SESSION_TYPE', 'wayland'), ('SHLVL', '1'), ('LD_LIBRARY_PATH', '/home/cossio/ejer1_ws/install/custom_interface/lib:/usr/lib/x86_64-linux-gnu/gazebo-11/plugins:/opt/ros/humble/opt/rviz_ogre_vendor/lib:/opt/ros/humble/lib/x86_64-linux-gnu:/opt/ros/humble/lib'), ('HOME', '/home/cossio'), ('OLDPWD', '/home/cossio'), ('DESKTOP_SESSION', 'ubuntu'), ('ROS_PYTHON_VERSION', '3'), ('GNOME_SHELL_SESSION_MODE', 'ubuntu'), ('GTK_MODULES', 'gail:atk-bridge'), ('SYSTEMD_EXEC_PID', '1688'), ('DBUS_SESSION_BUS_ADDRESS', 'unix:path=/run/user/1000/bus'), ('COLORTERM', 'truecolor'), ('IM_CONFIG_PHASE', '1'), ('WAYLAND_DISPLAY', 'wayland-0'), ('COLCON_PREFIX_PATH', '/home/cossio/ejer1_ws/install'), ('ROS_DISTRO', 'humble'), ('LOGNAME', 'cossio'), ('_', '/usr/bin/colcon'), ('ROS_VERSION', '2'), ('XDG_SESSION_CLASS', 'user'), ('USERNAME', 'cossio'), ('TERM', 'xterm-256color'), ('GNOME_DESKTOP_SESSION_ID', 'this-is-deprecated'), ('ROS_LOCALHOST_ONLY', '0'), ('PATH', '/opt/ros/humble/bin:/usr/local/sbin:/usr/local/bin:/usr/sbin:/usr/bin:/sbin:/bin:/usr/games:/usr/local/games:/snap/bin:/snap/bin'), ('SESSION_MANAGER', 'local/Cossio-Pc:@/tmp/.ICE-unix/1402,unix/Cossio-Pc:/tmp/.ICE-unix/1402'), ('XDG_MENU_PREFIX', 'gnome-'), ('GNOME_TERMINAL_SCREEN', '/org/gnome/Terminal/screen/5819860b_3235_4fda_9e3c_9b3c6ddf62c5'), ('GNOME_SETUP_DISPLAY', ':1'), ('XDG_RUNTIME_DIR', '/run/user/1000'), ('DISPLAY', ':0'), ('LANG', 'en_US.UTF-8'), ('XDG_CURRENT_DESKTOP', 'ubuntu:GNOME'), ('XMODIFIERS', '@im=ibus'), ('XDG_SESSION_DESKTOP', 'ubuntu'), ('XAUTHORITY', '/run/user/1000/.mutter-Xwaylandauth.43PME3'), ('LS_COLORS', 'rs=0:di=01;34:ln=01;36:mh=00:pi=40;33:so=01;35:do=01;35:bd=40;33;01:cd=40;33;01:or=40;31;01:mi=00:su=37;41:sg=30;43:ca=30;41:tw=30;42:ow=34;42:st=37;44:ex=01;32:*.tar=01;31:*.tgz=01;31:*.arc=01;31:*.arj=01;31:*.taz=01;31:*.lha=01;31:*.lz4=01;31:*.lzh=01;31:*.lzma=01;31:*.tlz=01;31:*.txz=01;31:*.tzo=01;31:*.t7z=01;31:*.zip=01;31:*.z=01;31:*.dz=01;31:*.gz=01;31:*.lrz=01;31:*.lz=01;31:*.lzo=01;31:*.xz=01;31:*.zst=01;31:*.tzst=01;31:*.bz2=01;31:*.bz=01;31:*.tbz=01;31:*.tbz2=01;31:*.tz=01;31:*.deb=01;31:*.rpm=01;31:*.jar=01;31:*.war=01;31:*.ear=01;31:*.sar=01;31:*.rar=01;31:*.alz=01;31:*.ace=01;31:*.zoo=01;31:*.cpio=01;31:*.7z=01;31:*.rz=01;31:*.cab=01;31:*.wim=01;31:*.swm=01;31:*.dwm=01;31:*.esd=01;31:*.jpg=01;35:*.jpeg=01;35:*.mjpg=01;35:*.mjpeg=01;35:*.gif=01;35:*.bmp=01;35:*.pbm=01;35:*.pgm=01;35:*.ppm=01;35:*.tga=01;35:*.xbm=01;35:*.xpm=01;35:*.tif=01;35:*.tiff=01;35:*.png=01;35:*.svg=01;35:*.svgz=01;35:*.mng=01;35:*.pcx=01;35:*.mov=01;35:*.mpg=01;35:*.mpeg=01;35:*.m2v=01;35:*.mkv=01;35:*.webm=01;35:*.webp=01;35:*.ogm=01;35:*.mp4=01;35:*.m4v=01;35:*.mp4v=01;35:*.vob=01;35:*.qt=01;35:*.nuv=01;35:*.wmv=01;35:*.asf=01;35:*.rm=01;35:*.rmvb=01;35:*.flc=01;35:*.avi=01;35:*.fli=01;35:*.flv=01;35:*.gl=01;35:*.dl=01;35:*.xcf=01;35:*.xwd=01;35:*.yuv=01;35:*.cgm=01;35:*.emf=01;35:*.ogv=01;35:*.ogx=01;35:*.aac=00;36:*.au=00;36:*.flac=00;36:*.m4a=00;36:*.mid=00;36:*.midi=00;36:*.mka=00;36:*.mp3=00;36:*.mpc=00;36:*.ogg=00;36:*.ra=00;36:*.wav=00;36:*.oga=00;36:*.opus=00;36:*.spx=00;36:*.xspf=00;36:'), ('GNOME_TERMINAL_SERVICE', ':1.1178'), ('SSH_AGENT_LAUNCHER', 'gnome-keyring'), ('SSH_AUTH_SOCK', '/run/user/1000/keyring/ssh'), ('AMENT_PREFIX_PATH', '/home/cossio/ejer1_ws/install/custom_interface:/opt/ros/humble'), ('SHELL', '/bin/bash'), ('QT_ACCESSIBILITY', '1'), ('GDMSESSION', 'ubuntu'), ('LESSCLOSE', '/usr/bin/lesspipe %s %s'), ('QT_IM_MODULE', 'ibus'), ('PWD', '/home/cossio/ejer1_ws/build/robot_description'), ('LC_ALL', 'en_US.UTF-8'), ('XDG_CONFIG_DIRS', '/etc/xdg/xdg-ubuntu:/etc/xdg'), ('XDG_DATA_DIRS', '/usr/share/ubuntu:/home/cossio/.local/share/flatpak/exports/share:/var/lib/flatpak/exports/share:/usr/local/share/:/usr/share/:/var/lib/snapd/desktop'), ('PYTHONPATH', '/home/cossio/ejer1_ws/install/custom_interface/local/lib/python3.10/dist-packages:/opt/ros/humble/lib/python3.10/site-packages:/opt/ros/humble/local/lib/python3.10/dist-packages'), ('COLCON', '1'), ('VTE_VERSION', '6800'), ('CMAKE_PREFIX_PATH', '/home/cossio/ejer1_ws/install/custom_interface:/opt/ros/humble')]), 'shell': False}
[0.760480] (cpp_examples) StdoutLine: {'line': b"-- Using RMW implementation 'rmw_fastrtps_cpp' as default\n"}
[0.767986] (cpp_examples) StdoutLine: {'line': b'-- Looking for pthread.h\n'}
[0.799749] (robot_description) CommandEnded: {'returncode': 0}
[0.801392] (robot_description) JobProgress: {'identifier': 'robot_description', 'progress': 'install'}
[0.801425] (-) TimerEvent: {}
[0.801518] (robot_description) Command: {'cmd': ['/usr/bin/cmake', '--install', '/home/cossio/ejer1_ws/build/robot_description'], 'cwd': '/home/cossio/ejer1_ws/build/robot_description', 'env': OrderedDict([('LESSOPEN', '| /usr/bin/lesspipe %s'), ('USER', 'cossio'), ('XDG_SESSION_TYPE', 'wayland'), ('SHLVL', '1'), ('LD_LIBRARY_PATH', '/home/cossio/ejer1_ws/install/custom_interface/lib:/usr/lib/x86_64-linux-gnu/gazebo-11/plugins:/opt/ros/humble/opt/rviz_ogre_vendor/lib:/opt/ros/humble/lib/x86_64-linux-gnu:/opt/ros/humble/lib'), ('HOME', '/home/cossio'), ('OLDPWD', '/home/cossio'), ('DESKTOP_SESSION', 'ubuntu'), ('ROS_PYTHON_VERSION', '3'), ('GNOME_SHELL_SESSION_MODE', 'ubuntu'), ('GTK_MODULES', 'gail:atk-bridge'), ('SYSTEMD_EXEC_PID', '1688'), ('DBUS_SESSION_BUS_ADDRESS', 'unix:path=/run/user/1000/bus'), ('COLORTERM', 'truecolor'), ('IM_CONFIG_PHASE', '1'), ('WAYLAND_DISPLAY', 'wayland-0'), ('COLCON_PREFIX_PATH', '/home/cossio/ejer1_ws/install'), ('ROS_DISTRO', 'humble'), ('LOGNAME', 'cossio'), ('_', '/usr/bin/colcon'), ('ROS_VERSION', '2'), ('XDG_SESSION_CLASS', 'user'), ('USERNAME', 'cossio'), ('TERM', 'xterm-256color'), ('GNOME_DESKTOP_SESSION_ID', 'this-is-deprecated'), ('ROS_LOCALHOST_ONLY', '0'), ('PATH', '/opt/ros/humble/bin:/usr/local/sbin:/usr/local/bin:/usr/sbin:/usr/bin:/sbin:/bin:/usr/games:/usr/local/games:/snap/bin:/snap/bin'), ('SESSION_MANAGER', 'local/Cossio-Pc:@/tmp/.ICE-unix/1402,unix/Cossio-Pc:/tmp/.ICE-unix/1402'), ('XDG_MENU_PREFIX', 'gnome-'), ('GNOME_TERMINAL_SCREEN', '/org/gnome/Terminal/screen/5819860b_3235_4fda_9e3c_9b3c6ddf62c5'), ('GNOME_SETUP_DISPLAY', ':1'), ('XDG_RUNTIME_DIR', '/run/user/1000'), ('DISPLAY', ':0'), ('LANG', 'en_US.UTF-8'), ('XDG_CURRENT_DESKTOP', 'ubuntu:GNOME'), ('XMODIFIERS', '@im=ibus'), ('XDG_SESSION_DESKTOP', 'ubuntu'), ('XAUTHORITY', '/run/user/1000/.mutter-Xwaylandauth.43PME3'), ('LS_COLORS', 'rs=0:di=01;34:ln=01;36:mh=00:pi=40;33:so=01;35:do=01;35:bd=40;33;01:cd=40;33;01:or=40;31;01:mi=00:su=37;41:sg=30;43:ca=30;41:tw=30;42:ow=34;42:st=37;44:ex=01;32:*.tar=01;31:*.tgz=01;31:*.arc=01;31:*.arj=01;31:*.taz=01;31:*.lha=01;31:*.lz4=01;31:*.lzh=01;31:*.lzma=01;31:*.tlz=01;31:*.txz=01;31:*.tzo=01;31:*.t7z=01;31:*.zip=01;31:*.z=01;31:*.dz=01;31:*.gz=01;31:*.lrz=01;31:*.lz=01;31:*.lzo=01;31:*.xz=01;31:*.zst=01;31:*.tzst=01;31:*.bz2=01;31:*.bz=01;31:*.tbz=01;31:*.tbz2=01;31:*.tz=01;31:*.deb=01;31:*.rpm=01;31:*.jar=01;31:*.war=01;31:*.ear=01;31:*.sar=01;31:*.rar=01;31:*.alz=01;31:*.ace=01;31:*.zoo=01;31:*.cpio=01;31:*.7z=01;31:*.rz=01;31:*.cab=01;31:*.wim=01;31:*.swm=01;31:*.dwm=01;31:*.esd=01;31:*.jpg=01;35:*.jpeg=01;35:*.mjpg=01;35:*.mjpeg=01;35:*.gif=01;35:*.bmp=01;35:*.pbm=01;35:*.pgm=01;35:*.ppm=01;35:*.tga=01;35:*.xbm=01;35:*.xpm=01;35:*.tif=01;35:*.tiff=01;35:*.png=01;35:*.svg=01;35:*.svgz=01;35:*.mng=01;35:*.pcx=01;35:*.mov=01;35:*.mpg=01;35:*.mpeg=01;35:*.m2v=01;35:*.mkv=01;35:*.webm=01;35:*.webp=01;35:*.ogm=01;35:*.mp4=01;35:*.m4v=01;35:*.mp4v=01;35:*.vob=01;35:*.qt=01;35:*.nuv=01;35:*.wmv=01;35:*.asf=01;35:*.rm=01;35:*.rmvb=01;35:*.flc=01;35:*.avi=01;35:*.fli=01;35:*.flv=01;35:*.gl=01;35:*.dl=01;35:*.xcf=01;35:*.xwd=01;35:*.yuv=01;35:*.cgm=01;35:*.emf=01;35:*.ogv=01;35:*.ogx=01;35:*.aac=00;36:*.au=00;36:*.flac=00;36:*.m4a=00;36:*.mid=00;36:*.midi=00;36:*.mka=00;36:*.mp3=00;36:*.mpc=00;36:*.ogg=00;36:*.ra=00;36:*.wav=00;36:*.oga=00;36:*.opus=00;36:*.spx=00;36:*.xspf=00;36:'), ('GNOME_TERMINAL_SERVICE', ':1.1178'), ('SSH_AGENT_LAUNCHER', 'gnome-keyring'), ('SSH_AUTH_SOCK', '/run/user/1000/keyring/ssh'), ('AMENT_PREFIX_PATH', '/home/cossio/ejer1_ws/install/custom_interface:/opt/ros/humble'), ('SHELL', '/bin/bash'), ('QT_ACCESSIBILITY', '1'), ('GDMSESSION', 'ubuntu'), ('LESSCLOSE', '/usr/bin/lesspipe %s %s'), ('QT_IM_MODULE', 'ibus'), ('PWD', '/home/cossio/ejer1_ws/build/robot_description'), ('LC_ALL', 'en_US.UTF-8'), ('XDG_CONFIG_DIRS', '/etc/xdg/xdg-ubuntu:/etc/xdg'), ('XDG_DATA_DIRS', '/usr/share/ubuntu:/home/cossio/.local/share/flatpak/exports/share:/var/lib/flatpak/exports/share:/usr/local/share/:/usr/share/:/var/lib/snapd/desktop'), ('PYTHONPATH', '/home/cossio/ejer1_ws/install/custom_interface/local/lib/python3.10/dist-packages:/opt/ros/humble/lib/python3.10/site-packages:/opt/ros/humble/local/lib/python3.10/dist-packages'), ('COLCON', '1'), ('VTE_VERSION', '6800'), ('CMAKE_PREFIX_PATH', '/home/cossio/ejer1_ws/install/custom_interface:/opt/ros/humble')]), 'shell': False}
[0.808228] (robot_description) StdoutLine: {'line': b'-- Install configuration: ""\n'}
[0.808631] (robot_description) StdoutLine: {'line': b'-- Execute custom install script\n'}
[0.808973] (robot_description) StdoutLine: {'line': b'-- Symlinking: /home/cossio/ejer1_ws/install/robot_description/share/robot_description/launch/view_robot.launch.py\n'}
[0.818138] (robot_description) StdoutLine: {'line': b'-- Symlinking: /home/cossio/ejer1_ws/install/robot_description/share/robot_description/urdf/clases_test.urdf\n'}
[0.827625] (robot_description) StdoutLine: {'line': b'-- Symlinking: /home/cossio/ejer1_ws/install/robot_description/share/robot_description/urdf/cobot_arm.urdf\n'}
[0.838207] (cpp_examples) StdoutLine: {'line': b'-- Looking for pthread.h - found\n'}
[0.838591] (cpp_examples) StdoutLine: {'line': b'-- Performing Test CMAKE_HAVE_LIBC_PTHREAD\n'}
[0.839414] (test_move) StdoutLine: {'line': b'-- Found Boost: /usr/lib/x86_64-linux-gnu/cmake/Boost-1.74.0/BoostConfig.cmake (found version "1.74.0") found components: date_time filesystem program_options system thread \n'}
[0.839826] (robot_description) StdoutLine: {'line': b'-- Symlinking: /home/cossio/ejer1_ws/install/robot_description/share/robot_description/urdf/diff_wheeled_robot.urdf\n'}
[0.849762] (robot_description) StdoutLine: {'line': b'-- Symlinking: /home/cossio/ejer1_ws/install/robot_description/share/robot_description/urdf/guillecar.urdf\n'}
[0.856965] (robot_description) StdoutLine: {'line': b'-- Symlinking: /home/cossio/ejer1_ws/install/robot_description/share/robot_description/urdf/multipleshapes.gv\n'}
[0.866432] (robot_description) StdoutLine: {'line': b'-- Symlinking: /home/cossio/ejer1_ws/install/robot_description/share/robot_description/urdf/multipleshapes.pdf\n'}
[0.871412] (test_move) StdoutLine: {'line': b'-- Found rosidl_generator_c: 3.1.7 (/opt/ros/humble/share/rosidl_generator_c/cmake)\n'}
[0.875421] (test_move) StdoutLine: {'line': b'-- Found rosidl_adapter: 3.1.7 (/opt/ros/humble/share/rosidl_adapter/cmake)\n'}
[0.875664] (robot_description) StdoutLine: {'line': b'-- Symlinking: /home/cossio/ejer1_ws/install/robot_description/share/robot_description/urdf/myfirst_robot.urdf\n'}
[0.881810] (test_move) StdoutLine: {'line': b'-- Found rosidl_generator_cpp: 3.1.7 (/opt/ros/humble/share/rosidl_generator_cpp/cmake)\n'}
[0.883428] (robot_description) StdoutLine: {'line': b'-- Symlinking: /home/cossio/ejer1_ws/install/robot_description/share/robot_description/urdf/panda.urdf\n'}
[0.890650] (test_move) StdoutLine: {'line': b'-- Using all available rosidl_typesupport_c: rosidl_typesupport_fastrtps_c;rosidl_typesupport_introspection_c\n'}
[0.892283] (robot_description) StdoutLine: {'line': b'-- Symlinking: /home/cossio/ejer1_ws/install/robot_description/share/robot_description/urdf/pantilt.urdf\n'}
[0.901608] (-) TimerEvent: {}
[0.902024] (robot_description) StdoutLine: {'line': b'-- Symlinking: /home/cossio/ejer1_ws/install/robot_description/share/robot_description/urdf/wally1.urdf\n'}
[0.902410] (test_move) StdoutLine: {'line': b'-- Using all available rosidl_typesupport_cpp: rosidl_typesupport_fastrtps_cpp;rosidl_typesupport_introspection_cpp\n'}
[0.905410] (cpp_examples) StdoutLine: {'line': b'-- Performing Test CMAKE_HAVE_LIBC_PTHREAD - Success\n'}
[0.906261] (cpp_examples) StdoutLine: {'line': b'-- Found Threads: TRUE  \n'}
[0.912215] (robot_description) StdoutLine: {'line': b'-- Symlinking: /home/cossio/ejer1_ws/install/robot_description/share/robot_description/rviz/urdf.rviz\n'}
[0.923548] (visual_pubsub) StdoutLine: {'line': b'running develop\n'}
[0.923957] (py_examples) StdoutLine: {'line': b'running develop\n'}
[0.924042] (robot_description) StdoutLine: {'line': b'-- Symlinking: /home/cossio/ejer1_ws/install/robot_description/share/robot_description/meshes/collision/finger.obj\n'}
[0.935178] (robot_description) StdoutLine: {'line': b'-- Symlinking: /home/cossio/ejer1_ws/install/robot_description/share/robot_description/meshes/collision/hand.obj\n'}
[0.943867] (cpp_examples) StdoutLine: {'line': b'-- Found custom_interface: 0.0.0 (/home/cossio/ejer1_ws/install/custom_interface/share/custom_interface/cmake)\n'}
[0.944127] (robot_description) StdoutLine: {'line': b'-- Symlinking: /home/cossio/ejer1_ws/install/robot_description/share/robot_description/meshes/collision/link0.obj\n'}
[0.952087] (robot_description) StdoutLine: {'line': b'-- Symlinking: /home/cossio/ejer1_ws/install/robot_description/share/robot_description/meshes/collision/link1.obj\n'}
[0.961533] (robot_description) StdoutLine: {'line': b'-- Symlinking: /home/cossio/ejer1_ws/install/robot_description/share/robot_description/meshes/collision/link2.obj\n'}
[0.967894] (cpp_examples) StdoutLine: {'line': b'-- Found ament_lint_auto: 0.12.14 (/opt/ros/humble/share/ament_lint_auto/cmake)\n'}
[0.971730] (robot_description) StdoutLine: {'line': b'-- Symlinking: /home/cossio/ejer1_ws/install/robot_description/share/robot_description/meshes/collision/link3.obj\n'}
[0.981471] (robot_description) StdoutLine: {'line': b'-- Symlinking: /home/cossio/ejer1_ws/install/robot_description/share/robot_description/meshes/collision/link4.obj\n'}
[0.991550] (robot_description) StdoutLine: {'line': b'-- Symlinking: /home/cossio/ejer1_ws/install/robot_description/share/robot_description/meshes/collision/link5.obj\n'}
[1.001455] (robot_description) StdoutLine: {'line': b'-- Symlinking: /home/cossio/ejer1_ws/install/robot_description/share/robot_description/meshes/collision/link6.obj\n'}
[1.001708] (-) TimerEvent: {}
[1.011716] (robot_description) StdoutLine: {'line': b'-- Symlinking: /home/cossio/ejer1_ws/install/robot_description/share/robot_description/meshes/collision/link7.obj\n'}
[1.015644] (visual_pubsub) StdoutLine: {'line': b'running egg_info\n'}
[1.015861] (visual_pubsub) StdoutLine: {'line': b'creating visual_pubsub.egg-info\n'}
[1.016151] (py_examples) StdoutLine: {'line': b'running egg_info\n'}
[1.016393] (py_examples) StdoutLine: {'line': b'creating py_examples.egg-info\n'}
[1.016486] (py_examples) StdoutLine: {'line': b'writing py_examples.egg-info/PKG-INFO\n'}
[1.016563] (visual_pubsub) StdoutLine: {'line': b'writing visual_pubsub.egg-info/PKG-INFO\n'}
[1.016621] (visual_pubsub) StdoutLine: {'line': b'writing dependency_links to visual_pubsub.egg-info/dependency_links.txt\n'}
[1.016650] (visual_pubsub) StdoutLine: {'line': b'writing entry points to visual_pubsub.egg-info/entry_points.txt\n'}
[1.016678] (visual_pubsub) StdoutLine: {'line': b'writing requirements to visual_pubsub.egg-info/requires.txt\n'}
[1.016707] (py_examples) StdoutLine: {'line': b'writing dependency_links to py_examples.egg-info/dependency_links.txt\n'}
[1.016735] (py_examples) StdoutLine: {'line': b'writing entry points to py_examples.egg-info/entry_points.txt\n'}
[1.016762] (visual_pubsub) StdoutLine: {'line': b'writing top-level names to visual_pubsub.egg-info/top_level.txt\n'}
[1.016817] (py_examples) StdoutLine: {'line': b'writing requirements to py_examples.egg-info/requires.txt\n'}
[1.016885] (py_examples) StdoutLine: {'line': b'writing top-level names to py_examples.egg-info/top_level.txt\n'}
[1.016911] (py_examples) StdoutLine: {'line': b"writing manifest file 'py_examples.egg-info/SOURCES.txt'\n"}
[1.016938] (visual_pubsub) StdoutLine: {'line': b"writing manifest file 'visual_pubsub.egg-info/SOURCES.txt'\n"}
[1.017889] (visual_pubsub) StdoutLine: {'line': b"reading manifest file 'visual_pubsub.egg-info/SOURCES.txt'\n"}
[1.018033] (py_examples) StdoutLine: {'line': b"reading manifest file 'py_examples.egg-info/SOURCES.txt'\n"}
[1.018292] (visual_pubsub) StdoutLine: {'line': b"writing manifest file 'visual_pubsub.egg-info/SOURCES.txt'\n"}
[1.018497] (py_examples) StdoutLine: {'line': b"writing manifest file 'py_examples.egg-info/SOURCES.txt'\n"}
[1.019317] (visual_pubsub) StdoutLine: {'line': b'running build_ext\n'}
[1.019545] (py_examples) StdoutLine: {'line': b'running build_ext\n'}
[1.019658] (visual_pubsub) StdoutLine: {'line': b'Creating /home/cossio/ejer1_ws/install/visual_pubsub/lib/python3.10/site-packages/visual-pubsub.egg-link (link to .)\n'}
[1.019840] (py_examples) StdoutLine: {'line': b'Creating /home/cossio/ejer1_ws/install/py_examples/lib/python3.10/site-packages/py-examples.egg-link (link to .)\n'}
[1.020112] (visual_pubsub) StdoutLine: {'line': b'Installing pub_joints script to /home/cossio/ejer1_ws/install/visual_pubsub/lib/visual_pubsub\n'}
[1.020243] (visual_pubsub) StdoutLine: {'line': b'Installing sub_joints script to /home/cossio/ejer1_ws/install/visual_pubsub/lib/visual_pubsub\n'}
[1.020367] (py_examples) StdoutLine: {'line': b'Installing client script to /home/cossio/ejer1_ws/install/py_examples/lib/py_examples\n'}
[1.020479] (visual_pubsub) StdoutLine: {'line': b'\n'}
[1.020530] (visual_pubsub) StdoutLine: {'line': b'Installed /home/cossio/ejer1_ws/build/visual_pubsub\n'}
[1.020576] (visual_pubsub) StdoutLine: {'line': b'running symlink_data\n'}
[1.020655] (visual_pubsub) StdoutLine: {'line': b'creating /home/cossio/ejer1_ws/install/visual_pubsub/share/ament_index\n'}
[1.020693] (visual_pubsub) StdoutLine: {'line': b'creating /home/cossio/ejer1_ws/install/visual_pubsub/share/ament_index/resource_index\n'}
[1.020799] (py_examples) StdoutLine: {'line': b'Installing pos_client script to /home/cossio/ejer1_ws/install/py_examples/lib/py_examples\n'}
[1.020889] (py_examples) StdoutLine: {'line': b'Installing pos_server script to /home/cossio/ejer1_ws/install/py_examples/lib/py_examples\n'}
[1.020925] (py_examples) StdoutLine: {'line': b'Installing publipy script to /home/cossio/ejer1_ws/install/py_examples/lib/py_examples\n'}
[1.020959] (py_examples) StdoutLine: {'line': b'Installing server script to /home/cossio/ejer1_ws/install/py_examples/lib/py_examples\n'}
[1.020989] (py_examples) StdoutLine: {'line': b'Installing subpy script to /home/cossio/ejer1_ws/install/py_examples/lib/py_examples\n'}
[1.021022] (visual_pubsub) StdoutLine: {'line': b'creating /home/cossio/ejer1_ws/install/visual_pubsub/share/ament_index/resource_index/packages\n'}
[1.021070] (visual_pubsub) StdoutLine: {'line': b'symbolically linking /home/cossio/ejer1_ws/build/visual_pubsub/resource/visual_pubsub -> /home/cossio/ejer1_ws/install/visual_pubsub/share/ament_index/resource_index/packages\n'}
[1.021106] (visual_pubsub) StdoutLine: {'line': b'symbolically linking /home/cossio/ejer1_ws/build/visual_pubsub/package.xml -> /home/cossio/ejer1_ws/install/visual_pubsub/share/visual_pubsub\n'}
[1.021136] (robot_description) StdoutLine: {'line': b'-- Symlinking: /home/cossio/ejer1_ws/install/robot_description/share/robot_description/meshes/visual/finger.dae\n'}
[1.021200] (py_examples) StdoutLine: {'line': b'\n'}
[1.021253] (py_examples) StdoutLine: {'line': b'Installed /home/cossio/ejer1_ws/build/py_examples\n'}
[1.021277] (py_examples) StdoutLine: {'line': b'running symlink_data\n'}
[1.021303] (py_examples) StdoutLine: {'line': b'creating /home/cossio/ejer1_ws/install/py_examples/share/ament_index\n'}
[1.021329] (py_examples) StdoutLine: {'line': b'creating /home/cossio/ejer1_ws/install/py_examples/share/ament_index/resource_index\n'}
[1.021353] (py_examples) StdoutLine: {'line': b'creating /home/cossio/ejer1_ws/install/py_examples/share/ament_index/resource_index/packages\n'}
[1.021379] (py_examples) StdoutLine: {'line': b'symbolically linking /home/cossio/ejer1_ws/build/py_examples/resource/py_examples -> /home/cossio/ejer1_ws/install/py_examples/share/ament_index/resource_index/packages\n'}
[1.021404] (py_examples) StdoutLine: {'line': b'symbolically linking /home/cossio/ejer1_ws/build/py_examples/package.xml -> /home/cossio/ejer1_ws/install/py_examples/share/py_examples\n'}
[1.021430] (py_examples) StdoutLine: {'line': b'creating /home/cossio/ejer1_ws/install/py_examples/share/py_examples/launch\n'}
[1.021455] (py_examples) StdoutLine: {'line': b'symbolically linking /home/cossio/ejer1_ws/build/py_examples/launch/py_example_launch.py -> /home/cossio/ejer1_ws/install/py_examples/share/py_examples/launch\n'}
[1.026955] (cpp_examples) StdoutLine: {'line': b"-- Added test 'cppcheck' to perform static code analysis on C / C++ code\n"}
[1.027203] (cpp_examples) StdoutLine: {'line': b'-- Configured cppcheck include dirs: \n'}
[1.027279] (cpp_examples) StdoutLine: {'line': b'-- Configured cppcheck exclude dirs and/or files: \n'}
[1.027571] (cpp_examples) StdoutLine: {'line': b"-- Added test 'flake8' to check Python code syntax and style conventions\n"}
[1.027958] (cpp_examples) StdoutLine: {'line': b"-- Added test 'lint_cmake' to check CMake code style\n"}
[1.028286] (cpp_examples) StdoutLine: {'line': b"-- Added test 'pep257' to check Python code against some of the docstring style conventions in PEP 257\n"}
[1.029171] (cpp_examples) StdoutLine: {'line': b"-- Added test 'uncrustify' to check C / C++ code style\n"}
[1.029281] (cpp_examples) StdoutLine: {'line': b'-- Configured uncrustify additional arguments: \n'}
[1.029551] (cpp_examples) StdoutLine: {'line': b"-- Added test 'xmllint' to check XML markup files\n"}
[1.030764] (cpp_examples) StdoutLine: {'line': b'-- Configuring done\n'}
[1.031650] (robot_description) StdoutLine: {'line': b'-- Symlinking: /home/cossio/ejer1_ws/install/robot_description/share/robot_description/meshes/visual/hand.dae\n'}
[1.043136] (robot_description) StdoutLine: {'line': b'-- Symlinking: /home/cossio/ejer1_ws/install/robot_description/share/robot_description/meshes/visual/link0.dae\n'}
[1.054170] (robot_description) StdoutLine: {'line': b'-- Symlinking: /home/cossio/ejer1_ws/install/robot_description/share/robot_description/meshes/visual/link1.dae\n'}
[1.056895] (cpp_examples) StdoutLine: {'line': b'-- Generating done\n'}
[1.064214] (test_move) StdoutLine: {'line': b'-- Found Boost: /usr/lib/x86_64-linux-gnu/cmake/Boost-1.74.0/BoostConfig.cmake (found version "1.74.0") found components: chrono date_time filesystem iostreams program_options regex serialization system thread \n'}
[1.065611] (robot_description) StdoutLine: {'line': b'-- Symlinking: /home/cossio/ejer1_ws/install/robot_description/share/robot_description/meshes/visual/link2.dae\n'}
[1.066055] (cpp_examples) StdoutLine: {'line': b'-- Build files have been written to: /home/cossio/ejer1_ws/build/cpp_examples\n'}
[1.072229] (visual_pubsub) CommandEnded: {'returncode': 0}
[1.075533] (robot_description) StdoutLine: {'line': b'-- Symlinking: /home/cossio/ejer1_ws/install/robot_description/share/robot_description/meshes/visual/link3.dae\n'}
[1.078146] (visual_pubsub) JobEnded: {'identifier': 'visual_pubsub', 'rc': 0}
[1.084474] (cpp_examples) CommandEnded: {'returncode': 0}
[1.085347] (cpp_examples) JobProgress: {'identifier': 'cpp_examples', 'progress': 'build'}
[1.086677] (cpp_examples) Command: {'cmd': ['/usr/bin/cmake', '--build', '/home/cossio/ejer1_ws/build/cpp_examples', '--', '-j16', '-l16'], 'cwd': '/home/cossio/ejer1_ws/build/cpp_examples', 'env': OrderedDict([('LESSOPEN', '| /usr/bin/lesspipe %s'), ('USER', 'cossio'), ('XDG_SESSION_TYPE', 'wayland'), ('SHLVL', '1'), ('LD_LIBRARY_PATH', '/home/cossio/ejer1_ws/install/custom_interface/lib:/usr/lib/x86_64-linux-gnu/gazebo-11/plugins:/opt/ros/humble/opt/rviz_ogre_vendor/lib:/opt/ros/humble/lib/x86_64-linux-gnu:/opt/ros/humble/lib'), ('HOME', '/home/cossio'), ('OLDPWD', '/home/cossio'), ('DESKTOP_SESSION', 'ubuntu'), ('ROS_PYTHON_VERSION', '3'), ('GNOME_SHELL_SESSION_MODE', 'ubuntu'), ('GTK_MODULES', 'gail:atk-bridge'), ('SYSTEMD_EXEC_PID', '1688'), ('DBUS_SESSION_BUS_ADDRESS', 'unix:path=/run/user/1000/bus'), ('COLORTERM', 'truecolor'), ('IM_CONFIG_PHASE', '1'), ('WAYLAND_DISPLAY', 'wayland-0'), ('COLCON_PREFIX_PATH', '/home/cossio/ejer1_ws/install'), ('ROS_DISTRO', 'humble'), ('LOGNAME', 'cossio'), ('_', '/usr/bin/colcon'), ('ROS_VERSION', '2'), ('XDG_SESSION_CLASS', 'user'), ('USERNAME', 'cossio'), ('TERM', 'xterm-256color'), ('GNOME_DESKTOP_SESSION_ID', 'this-is-deprecated'), ('ROS_LOCALHOST_ONLY', '0'), ('PATH', '/opt/ros/humble/bin:/usr/local/sbin:/usr/local/bin:/usr/sbin:/usr/bin:/sbin:/bin:/usr/games:/usr/local/games:/snap/bin:/snap/bin'), ('SESSION_MANAGER', 'local/Cossio-Pc:@/tmp/.ICE-unix/1402,unix/Cossio-Pc:/tmp/.ICE-unix/1402'), ('XDG_MENU_PREFIX', 'gnome-'), ('GNOME_TERMINAL_SCREEN', '/org/gnome/Terminal/screen/5819860b_3235_4fda_9e3c_9b3c6ddf62c5'), ('GNOME_SETUP_DISPLAY', ':1'), ('XDG_RUNTIME_DIR', '/run/user/1000'), ('DISPLAY', ':0'), ('LANG', 'en_US.UTF-8'), ('XDG_CURRENT_DESKTOP', 'ubuntu:GNOME'), ('XMODIFIERS', '@im=ibus'), ('XDG_SESSION_DESKTOP', 'ubuntu'), ('XAUTHORITY', '/run/user/1000/.mutter-Xwaylandauth.43PME3'), ('LS_COLORS', 'rs=0:di=01;34:ln=01;36:mh=00:pi=40;33:so=01;35:do=01;35:bd=40;33;01:cd=40;33;01:or=40;31;01:mi=00:su=37;41:sg=30;43:ca=30;41:tw=30;42:ow=34;42:st=37;44:ex=01;32:*.tar=01;31:*.tgz=01;31:*.arc=01;31:*.arj=01;31:*.taz=01;31:*.lha=01;31:*.lz4=01;31:*.lzh=01;31:*.lzma=01;31:*.tlz=01;31:*.txz=01;31:*.tzo=01;31:*.t7z=01;31:*.zip=01;31:*.z=01;31:*.dz=01;31:*.gz=01;31:*.lrz=01;31:*.lz=01;31:*.lzo=01;31:*.xz=01;31:*.zst=01;31:*.tzst=01;31:*.bz2=01;31:*.bz=01;31:*.tbz=01;31:*.tbz2=01;31:*.tz=01;31:*.deb=01;31:*.rpm=01;31:*.jar=01;31:*.war=01;31:*.ear=01;31:*.sar=01;31:*.rar=01;31:*.alz=01;31:*.ace=01;31:*.zoo=01;31:*.cpio=01;31:*.7z=01;31:*.rz=01;31:*.cab=01;31:*.wim=01;31:*.swm=01;31:*.dwm=01;31:*.esd=01;31:*.jpg=01;35:*.jpeg=01;35:*.mjpg=01;35:*.mjpeg=01;35:*.gif=01;35:*.bmp=01;35:*.pbm=01;35:*.pgm=01;35:*.ppm=01;35:*.tga=01;35:*.xbm=01;35:*.xpm=01;35:*.tif=01;35:*.tiff=01;35:*.png=01;35:*.svg=01;35:*.svgz=01;35:*.mng=01;35:*.pcx=01;35:*.mov=01;35:*.mpg=01;35:*.mpeg=01;35:*.m2v=01;35:*.mkv=01;35:*.webm=01;35:*.webp=01;35:*.ogm=01;35:*.mp4=01;35:*.m4v=01;35:*.mp4v=01;35:*.vob=01;35:*.qt=01;35:*.nuv=01;35:*.wmv=01;35:*.asf=01;35:*.rm=01;35:*.rmvb=01;35:*.flc=01;35:*.avi=01;35:*.fli=01;35:*.flv=01;35:*.gl=01;35:*.dl=01;35:*.xcf=01;35:*.xwd=01;35:*.yuv=01;35:*.cgm=01;35:*.emf=01;35:*.ogv=01;35:*.ogx=01;35:*.aac=00;36:*.au=00;36:*.flac=00;36:*.m4a=00;36:*.mid=00;36:*.midi=00;36:*.mka=00;36:*.mp3=00;36:*.mpc=00;36:*.ogg=00;36:*.ra=00;36:*.wav=00;36:*.oga=00;36:*.opus=00;36:*.spx=00;36:*.xspf=00;36:'), ('GNOME_TERMINAL_SERVICE', ':1.1178'), ('SSH_AGENT_LAUNCHER', 'gnome-keyring'), ('SSH_AUTH_SOCK', '/run/user/1000/keyring/ssh'), ('AMENT_PREFIX_PATH', '/home/cossio/ejer1_ws/install/custom_interface:/opt/ros/humble'), ('SHELL', '/bin/bash'), ('QT_ACCESSIBILITY', '1'), ('GDMSESSION', 'ubuntu'), ('LESSCLOSE', '/usr/bin/lesspipe %s %s'), ('QT_IM_MODULE', 'ibus'), ('PWD', '/home/cossio/ejer1_ws/build/cpp_examples'), ('LC_ALL', 'en_US.UTF-8'), ('XDG_CONFIG_DIRS', '/etc/xdg/xdg-ubuntu:/etc/xdg'), ('XDG_DATA_DIRS', '/usr/share/ubuntu:/home/cossio/.local/share/flatpak/exports/share:/var/lib/flatpak/exports/share:/usr/local/share/:/usr/share/:/var/lib/snapd/desktop'), ('PYTHONPATH', '/home/cossio/ejer1_ws/install/custom_interface/local/lib/python3.10/dist-packages:/opt/ros/humble/lib/python3.10/site-packages:/opt/ros/humble/local/lib/python3.10/dist-packages'), ('COLCON', '1'), ('VTE_VERSION', '6800'), ('CMAKE_PREFIX_PATH', '/home/cossio/ejer1_ws/install/custom_interface:/opt/ros/humble')]), 'shell': False}
[1.086923] (robot_description) StdoutLine: {'line': b'-- Symlinking: /home/cossio/ejer1_ws/install/robot_description/share/robot_description/meshes/visual/link4.dae\n'}
[1.088407] (py_examples) CommandEnded: {'returncode': 0}
[1.096327] (py_examples) JobEnded: {'identifier': 'py_examples', 'rc': 0}
[1.096783] (robot_description) StdoutLine: {'line': b'-- Symlinking: /home/cossio/ejer1_ws/install/robot_description/share/robot_description/meshes/visual/link5.dae\n'}
[1.101841] (-) TimerEvent: {}
[1.105714] (robot_description) StdoutLine: {'line': b'-- Symlinking: /home/cossio/ejer1_ws/install/robot_description/share/robot_description/meshes/visual/link6.dae\n'}
[1.110244] (test_move) StdoutLine: {'line': b'-- Found parameter_traits: 0.5.0 (/opt/ros/humble/share/parameter_traits/cmake)\n'}
[1.116568] (robot_description) StdoutLine: {'line': b'-- Symlinking: /home/cossio/ejer1_ws/install/robot_description/share/robot_description/meshes/visual/link7.dae\n'}
[1.127506] (robot_description) StdoutLine: {'line': b'-- Symlinking: /home/cossio/ejer1_ws/install/robot_description/share/ament_index/resource_index/package_run_dependencies/robot_description\n'}
[1.138545] (cpp_examples) StdoutLine: {'line': b'[ 22%] \x1b[32mBuilding CXX object CMakeFiles/subscriber.dir/src/sub.cpp.o\x1b[0m\n'}
[1.138860] (cpp_examples) StdoutLine: {'line': b'[ 22%] \x1b[32mBuilding CXX object CMakeFiles/pub_array.dir/src/pub_int_array.cpp.o\x1b[0m\n'}
[1.138930] (cpp_examples) StdoutLine: {'line': b'[ 22%] \x1b[32mBuilding CXX object CMakeFiles/publisher.dir/src/pub.cpp.o\x1b[0m\n'}
[1.138973] (cpp_examples) StdoutLine: {'line': b'[ 27%] \x1b[32mBuilding CXX object CMakeFiles/client.dir/src/client_example.cpp.o\x1b[0m\n'}
[1.139012] (cpp_examples) StdoutLine: {'line': b'[ 27%] \x1b[32mBuilding CXX object CMakeFiles/pubsub.dir/src/pubsub.cpp.o\x1b[0m\n'}
[1.139048] (cpp_examples) StdoutLine: {'line': b'[ 44%] \x1b[32mBuilding CXX object CMakeFiles/sub_array.dir/src/sub_int_array.cpp.o\x1b[0m\n'}
[1.139085] (cpp_examples) StdoutLine: {'line': b'[ 44%] \x1b[32mBuilding CXX object CMakeFiles/server.dir/src/service_example.cpp.o\x1b[0m\n'}
[1.139120] (cpp_examples) StdoutLine: {'line': b'[ 44%] \x1b[32mBuilding CXX object CMakeFiles/sub_custom.dir/src/custom_msg_sub.cpp.o\x1b[0m\n'}
[1.139382] (cpp_examples) StdoutLine: {'line': b'[ 50%] \x1b[32mBuilding CXX object CMakeFiles/pub_custom.dir/src/custom_msg_pub.cpp.o\x1b[0m\n'}
[1.140278] (robot_description) StdoutLine: {'line': b'-- Symlinking: /home/cossio/ejer1_ws/install/robot_description/share/ament_index/resource_index/parent_prefix_path/robot_description\n'}
[1.150762] (test_move) StdoutLine: {'line': b'-- Found rmw_implementation_cmake: 6.1.2 (/opt/ros/humble/share/rmw_implementation_cmake/cmake)\n'}
[1.152007] (robot_description) StdoutLine: {'line': b'-- Symlinking: /home/cossio/ejer1_ws/install/robot_description/share/robot_description/environment/ament_prefix_path.sh\n'}
[1.153561] (test_move) StdoutLine: {'line': b'-- Found rmw_fastrtps_cpp: 6.2.8 (/opt/ros/humble/share/rmw_fastrtps_cpp/cmake)\n'}
[1.164940] (robot_description) StdoutLine: {'line': b'-- Symlinking: /home/cossio/ejer1_ws/install/robot_description/share/robot_description/environment/ament_prefix_path.dsv\n'}
[1.179245] (robot_description) StdoutLine: {'line': b'-- Symlinking: /home/cossio/ejer1_ws/install/robot_description/share/robot_description/environment/path.sh\n'}
[1.192861] (robot_description) StdoutLine: {'line': b'-- Symlinking: /home/cossio/ejer1_ws/install/robot_description/share/robot_description/environment/path.dsv\n'}
[1.201998] (-) TimerEvent: {}
[1.206242] (robot_description) StdoutLine: {'line': b'-- Symlinking: /home/cossio/ejer1_ws/install/robot_description/share/robot_description/local_setup.bash\n'}
[1.219109] (robot_description) StdoutLine: {'line': b'-- Symlinking: /home/cossio/ejer1_ws/install/robot_description/share/robot_description/local_setup.sh\n'}
[1.234311] (robot_description) StdoutLine: {'line': b'-- Symlinking: /home/cossio/ejer1_ws/install/robot_description/share/robot_description/local_setup.zsh\n'}
[1.249657] (robot_description) StdoutLine: {'line': b'-- Symlinking: /home/cossio/ejer1_ws/install/robot_description/share/robot_description/local_setup.dsv\n'}
[1.261236] (test_move) StdoutLine: {'line': b'-- Found OpenSSL: /usr/lib/x86_64-linux-gnu/libcrypto.so (found version "3.0.2")  \n'}
[1.263987] (robot_description) StdoutLine: {'line': b'-- Symlinking: /home/cossio/ejer1_ws/install/robot_description/share/robot_description/package.dsv\n'}
[1.277357] (robot_description) StdoutLine: {'line': b'-- Symlinking: /home/cossio/ejer1_ws/install/robot_description/share/ament_index/resource_index/packages/robot_description\n'}
[1.290488] (robot_description) StdoutLine: {'line': b'-- Symlinking: /home/cossio/ejer1_ws/install/robot_description/share/robot_description/cmake/robot_descriptionConfig.cmake\n'}
[1.293824] (test_move) StdoutLine: {'line': b'-- Found FastRTPS: /opt/ros/humble/include  \n'}
[1.302248] (-) TimerEvent: {}
[1.306400] (robot_description) StdoutLine: {'line': b'-- Symlinking: /home/cossio/ejer1_ws/install/robot_description/share/robot_description/cmake/robot_descriptionConfig-version.cmake\n'}
[1.320898] (robot_description) StdoutLine: {'line': b'-- Symlinking: /home/cossio/ejer1_ws/install/robot_description/share/robot_description/package.xml\n'}
[1.343316] (robot_description) CommandEnded: {'returncode': 0}
[1.350782] (test_move) StdoutLine: {'line': b"-- Using RMW implementation 'rmw_fastrtps_cpp' as default\n"}
[1.354496] (robot_description) JobEnded: {'identifier': 'robot_description', 'rc': 0}
[1.362026] (test_move) StdoutLine: {'line': b'-- Found Threads: TRUE  \n'}
[1.402398] (-) TimerEvent: {}
[1.421947] (test_move) StdoutLine: {'line': b'-- Found rclcpp_lifecycle: 16.0.14 (/opt/ros/humble/share/rclcpp_lifecycle/cmake)\n'}
[1.458318] (test_move) StdoutLine: {'line': b'-- Found Boost: /usr/lib/x86_64-linux-gnu/cmake/Boost-1.74.0/BoostConfig.cmake (found version "1.74.0") found components: filesystem \n'}
[1.502560] (-) TimerEvent: {}
[1.603091] (-) TimerEvent: {}
[1.612413] (test_move) StdoutLine: {'line': b'-- library: /usr/lib/x86_64-linux-gnu/libcurl.so\n'}
[1.664408] (test_move) StdoutLine: {'line': b'-- Found Eigen3: TRUE (found version "3.4.0") \n'}
[1.664727] (test_move) StdoutLine: {'line': b'-- Ensuring Eigen3 include directory is part of orocos-kdl CMake target\n'}
[1.703252] (-) TimerEvent: {}
[1.803756] (-) TimerEvent: {}
[1.860195] (test_move) StdoutLine: {'line': b'-- Found Boost: /usr/lib/x86_64-linux-gnu/cmake/Boost-1.74.0/BoostConfig.cmake (found version "1.74.0") found components: system filesystem date_time program_options thread chrono \n'}
[1.897923] (test_move) StdoutLine: {'line': b'-- Found Boost: /usr/lib/x86_64-linux-gnu/cmake/Boost-1.74.0/BoostConfig.cmake (found version "1.74.0") found components: thread system filesystem regex date_time program_options \n'}
[1.903880] (-) TimerEvent: {}
[1.926275] (test_move) StdoutLine: {'line': b'-- Found Boost: /usr/lib/x86_64-linux-gnu/cmake/Boost-1.74.0/BoostConfig.cmake (found version "1.74.0") found components: system filesystem date_time program_options thread \n'}
[1.968156] (test_move) StdoutLine: {'line': b'-- Found ament_lint_auto: 0.12.14 (/opt/ros/humble/share/ament_lint_auto/cmake)\n'}
[2.004020] (-) TimerEvent: {}
[2.099205] (test_move) StdoutLine: {'line': b"-- Added test 'cppcheck' to perform static code analysis on C / C++ code\n"}
[2.099560] (test_move) StdoutLine: {'line': b'-- Configured cppcheck include dirs: $<BUILD_INTERFACE:/home/cossio/ejer1_ws/src/ros2_tutorials-main/test_move/include>\n'}
[2.099656] (test_move) StdoutLine: {'line': b'-- Configured cppcheck exclude dirs and/or files: \n'}
[2.100197] (test_move) StdoutLine: {'line': b"-- Added test 'lint_cmake' to check CMake code style\n"}
[2.101128] (test_move) StdoutLine: {'line': b"-- Added test 'uncrustify' to check C / C++ code style\n"}
[2.101259] (test_move) StdoutLine: {'line': b'-- Configured uncrustify additional arguments: \n'}
[2.101622] (test_move) StdoutLine: {'line': b"-- Added test 'xmllint' to check XML markup files\n"}
[2.103275] (test_move) StdoutLine: {'line': b'-- Configuring done\n'}
[2.104078] (-) TimerEvent: {}
[2.178715] (test_move) StdoutLine: {'line': b'-- Generating done\n'}
[2.204264] (-) TimerEvent: {}
[2.204887] (test_move) StdoutLine: {'line': b'-- Build files have been written to: /home/cossio/ejer1_ws/build/test_move\n'}
[2.254059] (test_move) CommandEnded: {'returncode': 0}
[2.255013] (test_move) JobProgress: {'identifier': 'test_move', 'progress': 'build'}
[2.255741] (test_move) Command: {'cmd': ['/usr/bin/cmake', '--build', '/home/cossio/ejer1_ws/build/test_move', '--', '-j16', '-l16'], 'cwd': '/home/cossio/ejer1_ws/build/test_move', 'env': OrderedDict([('LESSOPEN', '| /usr/bin/lesspipe %s'), ('USER', 'cossio'), ('XDG_SESSION_TYPE', 'wayland'), ('SHLVL', '1'), ('LD_LIBRARY_PATH', '/home/cossio/ejer1_ws/install/custom_interface/lib:/usr/lib/x86_64-linux-gnu/gazebo-11/plugins:/opt/ros/humble/opt/rviz_ogre_vendor/lib:/opt/ros/humble/lib/x86_64-linux-gnu:/opt/ros/humble/lib'), ('HOME', '/home/cossio'), ('OLDPWD', '/home/cossio'), ('DESKTOP_SESSION', 'ubuntu'), ('ROS_PYTHON_VERSION', '3'), ('GNOME_SHELL_SESSION_MODE', 'ubuntu'), ('GTK_MODULES', 'gail:atk-bridge'), ('SYSTEMD_EXEC_PID', '1688'), ('DBUS_SESSION_BUS_ADDRESS', 'unix:path=/run/user/1000/bus'), ('COLORTERM', 'truecolor'), ('IM_CONFIG_PHASE', '1'), ('WAYLAND_DISPLAY', 'wayland-0'), ('COLCON_PREFIX_PATH', '/home/cossio/ejer1_ws/install'), ('ROS_DISTRO', 'humble'), ('LOGNAME', 'cossio'), ('_', '/usr/bin/colcon'), ('ROS_VERSION', '2'), ('XDG_SESSION_CLASS', 'user'), ('USERNAME', 'cossio'), ('TERM', 'xterm-256color'), ('GNOME_DESKTOP_SESSION_ID', 'this-is-deprecated'), ('ROS_LOCALHOST_ONLY', '0'), ('PATH', '/opt/ros/humble/bin:/usr/local/sbin:/usr/local/bin:/usr/sbin:/usr/bin:/sbin:/bin:/usr/games:/usr/local/games:/snap/bin:/snap/bin'), ('SESSION_MANAGER', 'local/Cossio-Pc:@/tmp/.ICE-unix/1402,unix/Cossio-Pc:/tmp/.ICE-unix/1402'), ('XDG_MENU_PREFIX', 'gnome-'), ('GNOME_TERMINAL_SCREEN', '/org/gnome/Terminal/screen/5819860b_3235_4fda_9e3c_9b3c6ddf62c5'), ('GNOME_SETUP_DISPLAY', ':1'), ('XDG_RUNTIME_DIR', '/run/user/1000'), ('DISPLAY', ':0'), ('LANG', 'en_US.UTF-8'), ('XDG_CURRENT_DESKTOP', 'ubuntu:GNOME'), ('XMODIFIERS', '@im=ibus'), ('XDG_SESSION_DESKTOP', 'ubuntu'), ('XAUTHORITY', '/run/user/1000/.mutter-Xwaylandauth.43PME3'), ('LS_COLORS', 'rs=0:di=01;34:ln=01;36:mh=00:pi=40;33:so=01;35:do=01;35:bd=40;33;01:cd=40;33;01:or=40;31;01:mi=00:su=37;41:sg=30;43:ca=30;41:tw=30;42:ow=34;42:st=37;44:ex=01;32:*.tar=01;31:*.tgz=01;31:*.arc=01;31:*.arj=01;31:*.taz=01;31:*.lha=01;31:*.lz4=01;31:*.lzh=01;31:*.lzma=01;31:*.tlz=01;31:*.txz=01;31:*.tzo=01;31:*.t7z=01;31:*.zip=01;31:*.z=01;31:*.dz=01;31:*.gz=01;31:*.lrz=01;31:*.lz=01;31:*.lzo=01;31:*.xz=01;31:*.zst=01;31:*.tzst=01;31:*.bz2=01;31:*.bz=01;31:*.tbz=01;31:*.tbz2=01;31:*.tz=01;31:*.deb=01;31:*.rpm=01;31:*.jar=01;31:*.war=01;31:*.ear=01;31:*.sar=01;31:*.rar=01;31:*.alz=01;31:*.ace=01;31:*.zoo=01;31:*.cpio=01;31:*.7z=01;31:*.rz=01;31:*.cab=01;31:*.wim=01;31:*.swm=01;31:*.dwm=01;31:*.esd=01;31:*.jpg=01;35:*.jpeg=01;35:*.mjpg=01;35:*.mjpeg=01;35:*.gif=01;35:*.bmp=01;35:*.pbm=01;35:*.pgm=01;35:*.ppm=01;35:*.tga=01;35:*.xbm=01;35:*.xpm=01;35:*.tif=01;35:*.tiff=01;35:*.png=01;35:*.svg=01;35:*.svgz=01;35:*.mng=01;35:*.pcx=01;35:*.mov=01;35:*.mpg=01;35:*.mpeg=01;35:*.m2v=01;35:*.mkv=01;35:*.webm=01;35:*.webp=01;35:*.ogm=01;35:*.mp4=01;35:*.m4v=01;35:*.mp4v=01;35:*.vob=01;35:*.qt=01;35:*.nuv=01;35:*.wmv=01;35:*.asf=01;35:*.rm=01;35:*.rmvb=01;35:*.flc=01;35:*.avi=01;35:*.fli=01;35:*.flv=01;35:*.gl=01;35:*.dl=01;35:*.xcf=01;35:*.xwd=01;35:*.yuv=01;35:*.cgm=01;35:*.emf=01;35:*.ogv=01;35:*.ogx=01;35:*.aac=00;36:*.au=00;36:*.flac=00;36:*.m4a=00;36:*.mid=00;36:*.midi=00;36:*.mka=00;36:*.mp3=00;36:*.mpc=00;36:*.ogg=00;36:*.ra=00;36:*.wav=00;36:*.oga=00;36:*.opus=00;36:*.spx=00;36:*.xspf=00;36:'), ('GNOME_TERMINAL_SERVICE', ':1.1178'), ('SSH_AGENT_LAUNCHER', 'gnome-keyring'), ('SSH_AUTH_SOCK', '/run/user/1000/keyring/ssh'), ('AMENT_PREFIX_PATH', '/home/cossio/ejer1_ws/install/custom_interface:/opt/ros/humble'), ('SHELL', '/bin/bash'), ('QT_ACCESSIBILITY', '1'), ('GDMSESSION', 'ubuntu'), ('LESSCLOSE', '/usr/bin/lesspipe %s %s'), ('QT_IM_MODULE', 'ibus'), ('PWD', '/home/cossio/ejer1_ws/build/test_move'), ('LC_ALL', 'en_US.UTF-8'), ('XDG_CONFIG_DIRS', '/etc/xdg/xdg-ubuntu:/etc/xdg'), ('XDG_DATA_DIRS', '/usr/share/ubuntu:/home/cossio/.local/share/flatpak/exports/share:/var/lib/flatpak/exports/share:/usr/local/share/:/usr/share/:/var/lib/snapd/desktop'), ('PYTHONPATH', '/home/cossio/ejer1_ws/install/custom_interface/local/lib/python3.10/dist-packages:/opt/ros/humble/lib/python3.10/site-packages:/opt/ros/humble/local/lib/python3.10/dist-packages'), ('COLCON', '1'), ('VTE_VERSION', '6800'), ('CMAKE_PREFIX_PATH', '/home/cossio/ejer1_ws/install/custom_interface:/opt/ros/humble')]), 'shell': False}
[2.304430] (-) TimerEvent: {}
[2.338888] (test_move) StdoutLine: {'line': b'[ 50%] \x1b[32mBuilding CXX object CMakeFiles/collition.dir/src/move_constrain.cpp.o\x1b[0m\n'}
[2.339221] (test_move) StdoutLine: {'line': b'[ 50%] \x1b[32mBuilding CXX object CMakeFiles/hello_moveit.dir/src/hello_moveit.cpp.o\x1b[0m\n'}
[2.339424] (test_move) StdoutLine: {'line': b'[ 50%] \x1b[32mBuilding CXX object CMakeFiles/draw_a.dir/src/a_path.cpp.o\x1b[0m\n'}
[2.404585] (-) TimerEvent: {}
[2.505097] (-) TimerEvent: {}
[2.608016] (-) TimerEvent: {}
[2.708524] (-) TimerEvent: {}
[2.809051] (-) TimerEvent: {}
[2.909490] (-) TimerEvent: {}
[3.009843] (-) TimerEvent: {}
[3.110174] (-) TimerEvent: {}
[3.210479] (-) TimerEvent: {}
[3.310800] (-) TimerEvent: {}
[3.411138] (-) TimerEvent: {}
[3.511471] (-) TimerEvent: {}
[3.611798] (-) TimerEvent: {}
[3.712156] (-) TimerEvent: {}
[3.812516] (-) TimerEvent: {}
[3.912873] (-) TimerEvent: {}
[4.013224] (-) TimerEvent: {}
[4.113571] (-) TimerEvent: {}
[4.213912] (-) TimerEvent: {}
[4.314241] (-) TimerEvent: {}
[4.414560] (-) TimerEvent: {}
[4.514891] (-) TimerEvent: {}
[4.615211] (-) TimerEvent: {}
[4.715516] (-) TimerEvent: {}
[4.815827] (-) TimerEvent: {}
[4.844300] (cpp_examples) StdoutLine: {'line': b'[ 55%] \x1b[32m\x1b[1mLinking CXX executable server\x1b[0m\n'}
[4.915887] (-) TimerEvent: {}
[5.016201] (-) TimerEvent: {}
[5.056975] (cpp_examples) StdoutLine: {'line': b'[ 55%] Built target server\n'}
[5.116316] (-) TimerEvent: {}
[5.210071] (cpp_examples) StdoutLine: {'line': b'[ 61%] \x1b[32m\x1b[1mLinking CXX executable pub_custom\x1b[0m\n'}
[5.216431] (-) TimerEvent: {}
[5.296302] (cpp_examples) StdoutLine: {'line': b'[ 66%] \x1b[32m\x1b[1mLinking CXX executable client\x1b[0m\n'}
[5.300528] (cpp_examples) StdoutLine: {'line': b'[ 72%] \x1b[32m\x1b[1mLinking CXX executable pub_array\x1b[0m\n'}
[5.316561] (-) TimerEvent: {}
[5.416910] (-) TimerEvent: {}
[5.437923] (cpp_examples) StdoutLine: {'line': b'[ 72%] Built target client\n'}
[5.448917] (cpp_examples) StdoutLine: {'line': b'[ 72%] Built target pub_custom\n'}
[5.517025] (-) TimerEvent: {}
[5.530298] (cpp_examples) StdoutLine: {'line': b'[ 72%] Built target pub_array\n'}
[5.617146] (-) TimerEvent: {}
[5.717455] (-) TimerEvent: {}
[5.817763] (-) TimerEvent: {}
[5.875009] (cpp_examples) StdoutLine: {'line': b'[ 77%] \x1b[32m\x1b[1mLinking CXX executable publisher\x1b[0m\n'}
[5.917892] (-) TimerEvent: {}
[6.017822] (cpp_examples) StdoutLine: {'line': b'[ 77%] Built target publisher\n'}
[6.018014] (-) TimerEvent: {}
[6.118258] (-) TimerEvent: {}
[6.218568] (-) TimerEvent: {}
[6.318879] (-) TimerEvent: {}
[6.419163] (-) TimerEvent: {}
[6.519468] (-) TimerEvent: {}
[6.619843] (-) TimerEvent: {}
[6.720209] (-) TimerEvent: {}
[6.820538] (-) TimerEvent: {}
[6.920898] (-) TimerEvent: {}
[7.021261] (-) TimerEvent: {}
[7.061999] (test_move) StderrLine: {'line': b'\x1b[01m\x1b[K/home/cossio/ejer1_ws/src/ros2_tutorials-main/test_move/src/hello_moveit.cpp:\x1b[m\x1b[K In function \xe2\x80\x98\x1b[01m\x1b[Kint main(int, char**)\x1b[m\x1b[K\xe2\x80\x99:\n'}
[7.062281] (test_move) StderrLine: {'line': b'\x1b[01m\x1b[K/home/cossio/ejer1_ws/src/ros2_tutorials-main/test_move/src/hello_moveit.cpp:31:92:\x1b[m\x1b[K \x1b[01;35m\x1b[Kwarning: \x1b[m\x1b[K\xe2\x80\x98\x1b[01m\x1b[Kusing MoveItErrorCode = class moveit::core::MoveItErrorCode\x1b[m\x1b[K\xe2\x80\x99 is deprecated: Use moveit::core::MoveItErrorCode [\x1b[01;35m\x1b[K\x1b]8;;https://gcc.gnu.org/onlinedocs/gcc/Warning-Options.html#index-Wdeprecated-declarations\x07-Wdeprecated-declarations\x1b]8;;\x07\x1b[m\x1b[K]\n'}
[7.062380] (test_move) StderrLine: {'line': b'   31 |   bool success = (move_group.plan(my_plan) == moveit::planning_interface::MoveItErrorCode::\x1b[01;35m\x1b[KSUCCESS\x1b[m\x1b[K);\n'}
[7.062460] (test_move) StderrLine: {'line': b'      |                                                                                            \x1b[01;35m\x1b[K^~~~~~~\x1b[m\x1b[K\n'}
[7.062531] (test_move) StderrLine: {'line': b'In file included from \x1b[01m\x1b[K/home/cossio/ejer1_ws/src/ros2_tutorials-main/test_move/src/hello_moveit.cpp:3\x1b[m\x1b[K:\n'}
[7.062601] (test_move) StderrLine: {'line': b'\x1b[01m\x1b[K/opt/ros/humble/include/moveit/move_group_interface/move_group_interface.h:71:7:\x1b[m\x1b[K \x1b[01;36m\x1b[Knote: \x1b[m\x1b[Kdeclared here\n'}
[7.062667] (test_move) StderrLine: {'line': b'   71 | using \x1b[01;36m\x1b[KMoveItErrorCode\x1b[m\x1b[K [[deprecated("Use moveit::core::MoveItErrorCode")]] = moveit::core::MoveItErrorCode;\n'}
[7.062730] (test_move) StderrLine: {'line': b'      |       \x1b[01;36m\x1b[K^~~~~~~~~~~~~~~\x1b[m\x1b[K\n'}
[7.121401] (-) TimerEvent: {}
[7.221730] (-) TimerEvent: {}
[7.322055] (-) TimerEvent: {}
[7.422342] (-) TimerEvent: {}
[7.522627] (-) TimerEvent: {}
[7.622890] (-) TimerEvent: {}
[7.723222] (-) TimerEvent: {}
[7.765746] (cpp_examples) StdoutLine: {'line': b'[ 83%] \x1b[32m\x1b[1mLinking CXX executable sub_custom\x1b[0m\n'}
[7.823333] (-) TimerEvent: {}
[7.914911] (cpp_examples) StdoutLine: {'line': b'[ 88%] \x1b[32m\x1b[1mLinking CXX executable subscriber\x1b[0m\n'}
[7.923446] (-) TimerEvent: {}
[8.023725] (-) TimerEvent: {}
[8.045774] (cpp_examples) StdoutLine: {'line': b'[ 88%] Built target sub_custom\n'}
[8.123889] (-) TimerEvent: {}
[8.172501] (cpp_examples) StdoutLine: {'line': b'[ 88%] Built target subscriber\n'}
[8.182499] (test_move) StdoutLine: {'line': b'[ 66%] \x1b[32m\x1b[1mLinking CXX executable collition\x1b[0m\n'}
[8.224032] (-) TimerEvent: {}
[8.237347] (cpp_examples) StdoutLine: {'line': b'[ 94%] \x1b[32m\x1b[1mLinking CXX executable sub_array\x1b[0m\n'}
[8.324174] (-) TimerEvent: {}
[8.370408] (test_move) StdoutLine: {'line': b'[ 66%] Built target collition\n'}
[8.424326] (-) TimerEvent: {}
[8.493317] (cpp_examples) StdoutLine: {'line': b'[ 94%] Built target sub_array\n'}
[8.524477] (-) TimerEvent: {}
[8.586501] (cpp_examples) StdoutLine: {'line': b'[100%] \x1b[32m\x1b[1mLinking CXX executable pubsub\x1b[0m\n'}
[8.624619] (-) TimerEvent: {}
[8.724953] (-) TimerEvent: {}
[8.825286] (-) TimerEvent: {}
[8.834489] (cpp_examples) StdoutLine: {'line': b'[100%] Built target pubsub\n'}
[8.847346] (cpp_examples) CommandEnded: {'returncode': 0}
[8.848267] (cpp_examples) JobProgress: {'identifier': 'cpp_examples', 'progress': 'install'}
[8.848692] (cpp_examples) Command: {'cmd': ['/usr/bin/cmake', '--install', '/home/cossio/ejer1_ws/build/cpp_examples'], 'cwd': '/home/cossio/ejer1_ws/build/cpp_examples', 'env': OrderedDict([('LESSOPEN', '| /usr/bin/lesspipe %s'), ('USER', 'cossio'), ('XDG_SESSION_TYPE', 'wayland'), ('SHLVL', '1'), ('LD_LIBRARY_PATH', '/home/cossio/ejer1_ws/install/custom_interface/lib:/usr/lib/x86_64-linux-gnu/gazebo-11/plugins:/opt/ros/humble/opt/rviz_ogre_vendor/lib:/opt/ros/humble/lib/x86_64-linux-gnu:/opt/ros/humble/lib'), ('HOME', '/home/cossio'), ('OLDPWD', '/home/cossio'), ('DESKTOP_SESSION', 'ubuntu'), ('ROS_PYTHON_VERSION', '3'), ('GNOME_SHELL_SESSION_MODE', 'ubuntu'), ('GTK_MODULES', 'gail:atk-bridge'), ('SYSTEMD_EXEC_PID', '1688'), ('DBUS_SESSION_BUS_ADDRESS', 'unix:path=/run/user/1000/bus'), ('COLORTERM', 'truecolor'), ('IM_CONFIG_PHASE', '1'), ('WAYLAND_DISPLAY', 'wayland-0'), ('COLCON_PREFIX_PATH', '/home/cossio/ejer1_ws/install'), ('ROS_DISTRO', 'humble'), ('LOGNAME', 'cossio'), ('_', '/usr/bin/colcon'), ('ROS_VERSION', '2'), ('XDG_SESSION_CLASS', 'user'), ('USERNAME', 'cossio'), ('TERM', 'xterm-256color'), ('GNOME_DESKTOP_SESSION_ID', 'this-is-deprecated'), ('ROS_LOCALHOST_ONLY', '0'), ('PATH', '/opt/ros/humble/bin:/usr/local/sbin:/usr/local/bin:/usr/sbin:/usr/bin:/sbin:/bin:/usr/games:/usr/local/games:/snap/bin:/snap/bin'), ('SESSION_MANAGER', 'local/Cossio-Pc:@/tmp/.ICE-unix/1402,unix/Cossio-Pc:/tmp/.ICE-unix/1402'), ('XDG_MENU_PREFIX', 'gnome-'), ('GNOME_TERMINAL_SCREEN', '/org/gnome/Terminal/screen/5819860b_3235_4fda_9e3c_9b3c6ddf62c5'), ('GNOME_SETUP_DISPLAY', ':1'), ('XDG_RUNTIME_DIR', '/run/user/1000'), ('DISPLAY', ':0'), ('LANG', 'en_US.UTF-8'), ('XDG_CURRENT_DESKTOP', 'ubuntu:GNOME'), ('XMODIFIERS', '@im=ibus'), ('XDG_SESSION_DESKTOP', 'ubuntu'), ('XAUTHORITY', '/run/user/1000/.mutter-Xwaylandauth.43PME3'), ('LS_COLORS', 'rs=0:di=01;34:ln=01;36:mh=00:pi=40;33:so=01;35:do=01;35:bd=40;33;01:cd=40;33;01:or=40;31;01:mi=00:su=37;41:sg=30;43:ca=30;41:tw=30;42:ow=34;42:st=37;44:ex=01;32:*.tar=01;31:*.tgz=01;31:*.arc=01;31:*.arj=01;31:*.taz=01;31:*.lha=01;31:*.lz4=01;31:*.lzh=01;31:*.lzma=01;31:*.tlz=01;31:*.txz=01;31:*.tzo=01;31:*.t7z=01;31:*.zip=01;31:*.z=01;31:*.dz=01;31:*.gz=01;31:*.lrz=01;31:*.lz=01;31:*.lzo=01;31:*.xz=01;31:*.zst=01;31:*.tzst=01;31:*.bz2=01;31:*.bz=01;31:*.tbz=01;31:*.tbz2=01;31:*.tz=01;31:*.deb=01;31:*.rpm=01;31:*.jar=01;31:*.war=01;31:*.ear=01;31:*.sar=01;31:*.rar=01;31:*.alz=01;31:*.ace=01;31:*.zoo=01;31:*.cpio=01;31:*.7z=01;31:*.rz=01;31:*.cab=01;31:*.wim=01;31:*.swm=01;31:*.dwm=01;31:*.esd=01;31:*.jpg=01;35:*.jpeg=01;35:*.mjpg=01;35:*.mjpeg=01;35:*.gif=01;35:*.bmp=01;35:*.pbm=01;35:*.pgm=01;35:*.ppm=01;35:*.tga=01;35:*.xbm=01;35:*.xpm=01;35:*.tif=01;35:*.tiff=01;35:*.png=01;35:*.svg=01;35:*.svgz=01;35:*.mng=01;35:*.pcx=01;35:*.mov=01;35:*.mpg=01;35:*.mpeg=01;35:*.m2v=01;35:*.mkv=01;35:*.webm=01;35:*.webp=01;35:*.ogm=01;35:*.mp4=01;35:*.m4v=01;35:*.mp4v=01;35:*.vob=01;35:*.qt=01;35:*.nuv=01;35:*.wmv=01;35:*.asf=01;35:*.rm=01;35:*.rmvb=01;35:*.flc=01;35:*.avi=01;35:*.fli=01;35:*.flv=01;35:*.gl=01;35:*.dl=01;35:*.xcf=01;35:*.xwd=01;35:*.yuv=01;35:*.cgm=01;35:*.emf=01;35:*.ogv=01;35:*.ogx=01;35:*.aac=00;36:*.au=00;36:*.flac=00;36:*.m4a=00;36:*.mid=00;36:*.midi=00;36:*.mka=00;36:*.mp3=00;36:*.mpc=00;36:*.ogg=00;36:*.ra=00;36:*.wav=00;36:*.oga=00;36:*.opus=00;36:*.spx=00;36:*.xspf=00;36:'), ('GNOME_TERMINAL_SERVICE', ':1.1178'), ('SSH_AGENT_LAUNCHER', 'gnome-keyring'), ('SSH_AUTH_SOCK', '/run/user/1000/keyring/ssh'), ('AMENT_PREFIX_PATH', '/home/cossio/ejer1_ws/install/custom_interface:/opt/ros/humble'), ('SHELL', '/bin/bash'), ('QT_ACCESSIBILITY', '1'), ('GDMSESSION', 'ubuntu'), ('LESSCLOSE', '/usr/bin/lesspipe %s %s'), ('QT_IM_MODULE', 'ibus'), ('PWD', '/home/cossio/ejer1_ws/build/cpp_examples'), ('LC_ALL', 'en_US.UTF-8'), ('XDG_CONFIG_DIRS', '/etc/xdg/xdg-ubuntu:/etc/xdg'), ('XDG_DATA_DIRS', '/usr/share/ubuntu:/home/cossio/.local/share/flatpak/exports/share:/var/lib/flatpak/exports/share:/usr/local/share/:/usr/share/:/var/lib/snapd/desktop'), ('PYTHONPATH', '/home/cossio/ejer1_ws/install/custom_interface/local/lib/python3.10/dist-packages:/opt/ros/humble/lib/python3.10/site-packages:/opt/ros/humble/local/lib/python3.10/dist-packages'), ('COLCON', '1'), ('VTE_VERSION', '6800'), ('CMAKE_PREFIX_PATH', '/home/cossio/ejer1_ws/install/custom_interface:/opt/ros/humble')]), 'shell': False}
[8.857422] (cpp_examples) StdoutLine: {'line': b'-- Install configuration: ""\n'}
[8.858271] (cpp_examples) StdoutLine: {'line': b'-- Execute custom install script\n'}
[8.858530] (cpp_examples) StdoutLine: {'line': b'-- Symlinking: /home/cossio/ejer1_ws/install/cpp_examples/lib/cpp_examples/publisher\n'}
[8.867600] (cpp_examples) StdoutLine: {'line': b'-- Symlinking: /home/cossio/ejer1_ws/install/cpp_examples/lib/cpp_examples/subscriber\n'}
[8.876958] (cpp_examples) StdoutLine: {'line': b'-- Symlinking: /home/cossio/ejer1_ws/install/cpp_examples/lib/cpp_examples/pubsub\n'}
[8.885464] (cpp_examples) StdoutLine: {'line': b'-- Symlinking: /home/cossio/ejer1_ws/install/cpp_examples/lib/cpp_examples/pub_array\n'}
[8.895108] (cpp_examples) StdoutLine: {'line': b'-- Symlinking: /home/cossio/ejer1_ws/install/cpp_examples/lib/cpp_examples/sub_array\n'}
[8.904190] (cpp_examples) StdoutLine: {'line': b'-- Symlinking: /home/cossio/ejer1_ws/install/cpp_examples/lib/cpp_examples/pub_custom\n'}
[8.912754] (cpp_examples) StdoutLine: {'line': b'-- Symlinking: /home/cossio/ejer1_ws/install/cpp_examples/lib/cpp_examples/sub_custom\n'}
[8.920579] (cpp_examples) StdoutLine: {'line': b'-- Symlinking: /home/cossio/ejer1_ws/install/cpp_examples/lib/cpp_examples/server\n'}
[8.925419] (-) TimerEvent: {}
[8.929773] (cpp_examples) StdoutLine: {'line': b'-- Symlinking: /home/cossio/ejer1_ws/install/cpp_examples/lib/cpp_examples/client\n'}
[8.940345] (cpp_examples) StdoutLine: {'line': b'-- Symlinking: /home/cossio/ejer1_ws/install/cpp_examples/share/cpp_examples/launch/pubsub_arrays_launch.py\n'}
[8.949241] (cpp_examples) StdoutLine: {'line': b'-- Symlinking: /home/cossio/ejer1_ws/install/cpp_examples/share/cpp_examples/launch/pubsub_custom_launch.py\n'}
[8.957685] (cpp_examples) StdoutLine: {'line': b'-- Symlinking: /home/cossio/ejer1_ws/install/cpp_examples/share/cpp_examples/launch/pubsub_launch.py\n'}
[8.966536] (cpp_examples) StdoutLine: {'line': b'-- Symlinking: /home/cossio/ejer1_ws/install/cpp_examples/share/ament_index/resource_index/package_run_dependencies/cpp_examples\n'}
[8.975276] (cpp_examples) StdoutLine: {'line': b'-- Symlinking: /home/cossio/ejer1_ws/install/cpp_examples/share/ament_index/resource_index/parent_prefix_path/cpp_examples\n'}
[8.983248] (cpp_examples) StdoutLine: {'line': b'-- Symlinking: /home/cossio/ejer1_ws/install/cpp_examples/share/cpp_examples/environment/ament_prefix_path.sh\n'}
[8.991060] (cpp_examples) StdoutLine: {'line': b'-- Symlinking: /home/cossio/ejer1_ws/install/cpp_examples/share/cpp_examples/environment/ament_prefix_path.dsv\n'}
[8.999161] (cpp_examples) StdoutLine: {'line': b'-- Symlinking: /home/cossio/ejer1_ws/install/cpp_examples/share/cpp_examples/environment/path.sh\n'}
[9.007364] (cpp_examples) StdoutLine: {'line': b'-- Symlinking: /home/cossio/ejer1_ws/install/cpp_examples/share/cpp_examples/environment/path.dsv\n'}
[9.015366] (cpp_examples) StdoutLine: {'line': b'-- Symlinking: /home/cossio/ejer1_ws/install/cpp_examples/share/cpp_examples/local_setup.bash\n'}
[9.024036] (cpp_examples) StdoutLine: {'line': b'-- Symlinking: /home/cossio/ejer1_ws/install/cpp_examples/share/cpp_examples/local_setup.sh\n'}
[9.025523] (-) TimerEvent: {}
[9.032873] (cpp_examples) StdoutLine: {'line': b'-- Symlinking: /home/cossio/ejer1_ws/install/cpp_examples/share/cpp_examples/local_setup.zsh\n'}
[9.041771] (cpp_examples) StdoutLine: {'line': b'-- Symlinking: /home/cossio/ejer1_ws/install/cpp_examples/share/cpp_examples/local_setup.dsv\n'}
[9.049488] (cpp_examples) StdoutLine: {'line': b'-- Symlinking: /home/cossio/ejer1_ws/install/cpp_examples/share/cpp_examples/package.dsv\n'}
[9.056929] (cpp_examples) StdoutLine: {'line': b'-- Symlinking: /home/cossio/ejer1_ws/install/cpp_examples/share/ament_index/resource_index/packages/cpp_examples\n'}
[9.065124] (cpp_examples) StdoutLine: {'line': b'-- Symlinking: /home/cossio/ejer1_ws/install/cpp_examples/share/cpp_examples/cmake/cpp_examplesConfig.cmake\n'}
[9.072572] (cpp_examples) StdoutLine: {'line': b'-- Symlinking: /home/cossio/ejer1_ws/install/cpp_examples/share/cpp_examples/cmake/cpp_examplesConfig-version.cmake\n'}
[9.080637] (cpp_examples) StdoutLine: {'line': b'-- Symlinking: /home/cossio/ejer1_ws/install/cpp_examples/share/cpp_examples/package.xml\n'}
[9.090018] (cpp_examples) CommandEnded: {'returncode': 0}
[9.098378] (cpp_examples) JobEnded: {'identifier': 'cpp_examples', 'rc': 0}
[9.105777] (test_move) StdoutLine: {'line': b'[ 83%] \x1b[32m\x1b[1mLinking CXX executable draw_a\x1b[0m\n'}
[9.125673] (-) TimerEvent: {}
[9.208523] (test_move) StdoutLine: {'line': b'[100%] \x1b[32m\x1b[1mLinking CXX executable hello_moveit\x1b[0m\n'}
[9.225828] (-) TimerEvent: {}
[9.297576] (test_move) StdoutLine: {'line': b'[100%] Built target draw_a\n'}
[9.325922] (-) TimerEvent: {}
[9.400054] (test_move) StdoutLine: {'line': b'[100%] Built target hello_moveit\n'}
[9.409923] (test_move) CommandEnded: {'returncode': 0}
[9.410629] (test_move) JobProgress: {'identifier': 'test_move', 'progress': 'install'}
[9.411358] (test_move) Command: {'cmd': ['/usr/bin/cmake', '--install', '/home/cossio/ejer1_ws/build/test_move'], 'cwd': '/home/cossio/ejer1_ws/build/test_move', 'env': OrderedDict([('LESSOPEN', '| /usr/bin/lesspipe %s'), ('USER', 'cossio'), ('XDG_SESSION_TYPE', 'wayland'), ('SHLVL', '1'), ('LD_LIBRARY_PATH', '/home/cossio/ejer1_ws/install/custom_interface/lib:/usr/lib/x86_64-linux-gnu/gazebo-11/plugins:/opt/ros/humble/opt/rviz_ogre_vendor/lib:/opt/ros/humble/lib/x86_64-linux-gnu:/opt/ros/humble/lib'), ('HOME', '/home/cossio'), ('OLDPWD', '/home/cossio'), ('DESKTOP_SESSION', 'ubuntu'), ('ROS_PYTHON_VERSION', '3'), ('GNOME_SHELL_SESSION_MODE', 'ubuntu'), ('GTK_MODULES', 'gail:atk-bridge'), ('SYSTEMD_EXEC_PID', '1688'), ('DBUS_SESSION_BUS_ADDRESS', 'unix:path=/run/user/1000/bus'), ('COLORTERM', 'truecolor'), ('IM_CONFIG_PHASE', '1'), ('WAYLAND_DISPLAY', 'wayland-0'), ('COLCON_PREFIX_PATH', '/home/cossio/ejer1_ws/install'), ('ROS_DISTRO', 'humble'), ('LOGNAME', 'cossio'), ('_', '/usr/bin/colcon'), ('ROS_VERSION', '2'), ('XDG_SESSION_CLASS', 'user'), ('USERNAME', 'cossio'), ('TERM', 'xterm-256color'), ('GNOME_DESKTOP_SESSION_ID', 'this-is-deprecated'), ('ROS_LOCALHOST_ONLY', '0'), ('PATH', '/opt/ros/humble/bin:/usr/local/sbin:/usr/local/bin:/usr/sbin:/usr/bin:/sbin:/bin:/usr/games:/usr/local/games:/snap/bin:/snap/bin'), ('SESSION_MANAGER', 'local/Cossio-Pc:@/tmp/.ICE-unix/1402,unix/Cossio-Pc:/tmp/.ICE-unix/1402'), ('XDG_MENU_PREFIX', 'gnome-'), ('GNOME_TERMINAL_SCREEN', '/org/gnome/Terminal/screen/5819860b_3235_4fda_9e3c_9b3c6ddf62c5'), ('GNOME_SETUP_DISPLAY', ':1'), ('XDG_RUNTIME_DIR', '/run/user/1000'), ('DISPLAY', ':0'), ('LANG', 'en_US.UTF-8'), ('XDG_CURRENT_DESKTOP', 'ubuntu:GNOME'), ('XMODIFIERS', '@im=ibus'), ('XDG_SESSION_DESKTOP', 'ubuntu'), ('XAUTHORITY', '/run/user/1000/.mutter-Xwaylandauth.43PME3'), ('LS_COLORS', 'rs=0:di=01;34:ln=01;36:mh=00:pi=40;33:so=01;35:do=01;35:bd=40;33;01:cd=40;33;01:or=40;31;01:mi=00:su=37;41:sg=30;43:ca=30;41:tw=30;42:ow=34;42:st=37;44:ex=01;32:*.tar=01;31:*.tgz=01;31:*.arc=01;31:*.arj=01;31:*.taz=01;31:*.lha=01;31:*.lz4=01;31:*.lzh=01;31:*.lzma=01;31:*.tlz=01;31:*.txz=01;31:*.tzo=01;31:*.t7z=01;31:*.zip=01;31:*.z=01;31:*.dz=01;31:*.gz=01;31:*.lrz=01;31:*.lz=01;31:*.lzo=01;31:*.xz=01;31:*.zst=01;31:*.tzst=01;31:*.bz2=01;31:*.bz=01;31:*.tbz=01;31:*.tbz2=01;31:*.tz=01;31:*.deb=01;31:*.rpm=01;31:*.jar=01;31:*.war=01;31:*.ear=01;31:*.sar=01;31:*.rar=01;31:*.alz=01;31:*.ace=01;31:*.zoo=01;31:*.cpio=01;31:*.7z=01;31:*.rz=01;31:*.cab=01;31:*.wim=01;31:*.swm=01;31:*.dwm=01;31:*.esd=01;31:*.jpg=01;35:*.jpeg=01;35:*.mjpg=01;35:*.mjpeg=01;35:*.gif=01;35:*.bmp=01;35:*.pbm=01;35:*.pgm=01;35:*.ppm=01;35:*.tga=01;35:*.xbm=01;35:*.xpm=01;35:*.tif=01;35:*.tiff=01;35:*.png=01;35:*.svg=01;35:*.svgz=01;35:*.mng=01;35:*.pcx=01;35:*.mov=01;35:*.mpg=01;35:*.mpeg=01;35:*.m2v=01;35:*.mkv=01;35:*.webm=01;35:*.webp=01;35:*.ogm=01;35:*.mp4=01;35:*.m4v=01;35:*.mp4v=01;35:*.vob=01;35:*.qt=01;35:*.nuv=01;35:*.wmv=01;35:*.asf=01;35:*.rm=01;35:*.rmvb=01;35:*.flc=01;35:*.avi=01;35:*.fli=01;35:*.flv=01;35:*.gl=01;35:*.dl=01;35:*.xcf=01;35:*.xwd=01;35:*.yuv=01;35:*.cgm=01;35:*.emf=01;35:*.ogv=01;35:*.ogx=01;35:*.aac=00;36:*.au=00;36:*.flac=00;36:*.m4a=00;36:*.mid=00;36:*.midi=00;36:*.mka=00;36:*.mp3=00;36:*.mpc=00;36:*.ogg=00;36:*.ra=00;36:*.wav=00;36:*.oga=00;36:*.opus=00;36:*.spx=00;36:*.xspf=00;36:'), ('GNOME_TERMINAL_SERVICE', ':1.1178'), ('SSH_AGENT_LAUNCHER', 'gnome-keyring'), ('SSH_AUTH_SOCK', '/run/user/1000/keyring/ssh'), ('AMENT_PREFIX_PATH', '/home/cossio/ejer1_ws/install/custom_interface:/opt/ros/humble'), ('SHELL', '/bin/bash'), ('QT_ACCESSIBILITY', '1'), ('GDMSESSION', 'ubuntu'), ('LESSCLOSE', '/usr/bin/lesspipe %s %s'), ('QT_IM_MODULE', 'ibus'), ('PWD', '/home/cossio/ejer1_ws/build/test_move'), ('LC_ALL', 'en_US.UTF-8'), ('XDG_CONFIG_DIRS', '/etc/xdg/xdg-ubuntu:/etc/xdg'), ('XDG_DATA_DIRS', '/usr/share/ubuntu:/home/cossio/.local/share/flatpak/exports/share:/var/lib/flatpak/exports/share:/usr/local/share/:/usr/share/:/var/lib/snapd/desktop'), ('PYTHONPATH', '/home/cossio/ejer1_ws/install/custom_interface/local/lib/python3.10/dist-packages:/opt/ros/humble/lib/python3.10/site-packages:/opt/ros/humble/local/lib/python3.10/dist-packages'), ('COLCON', '1'), ('VTE_VERSION', '6800'), ('CMAKE_PREFIX_PATH', '/home/cossio/ejer1_ws/install/custom_interface:/opt/ros/humble')]), 'shell': False}
[9.418557] (test_move) StdoutLine: {'line': b'-- Install configuration: ""\n'}
[9.418897] (test_move) StdoutLine: {'line': b'-- Execute custom install script\n'}
[9.419173] (test_move) StdoutLine: {'line': b'-- Symlinking: /home/cossio/ejer1_ws/install/test_move/lib/test_move/hello_moveit\n'}
[9.426027] (-) TimerEvent: {}
[9.426959] (test_move) StdoutLine: {'line': b'-- Symlinking: /home/cossio/ejer1_ws/install/test_move/lib/test_move/collition\n'}
[9.433829] (test_move) StdoutLine: {'line': b'-- Symlinking: /home/cossio/ejer1_ws/install/test_move/lib/test_move/draw_a\n'}
[9.441701] (test_move) StdoutLine: {'line': b'-- Symlinking: /home/cossio/ejer1_ws/install/test_move/share/ament_index/resource_index/package_run_dependencies/test_move\n'}
[9.449565] (test_move) StdoutLine: {'line': b'-- Symlinking: /home/cossio/ejer1_ws/install/test_move/share/ament_index/resource_index/parent_prefix_path/test_move\n'}
[9.458115] (test_move) StdoutLine: {'line': b'-- Symlinking: /home/cossio/ejer1_ws/install/test_move/share/test_move/environment/ament_prefix_path.sh\n'}
[9.467037] (test_move) StdoutLine: {'line': b'-- Symlinking: /home/cossio/ejer1_ws/install/test_move/share/test_move/environment/ament_prefix_path.dsv\n'}
[9.473258] (test_move) StdoutLine: {'line': b'-- Symlinking: /home/cossio/ejer1_ws/install/test_move/share/test_move/environment/path.sh\n'}
[9.480025] (test_move) StdoutLine: {'line': b'-- Symlinking: /home/cossio/ejer1_ws/install/test_move/share/test_move/environment/path.dsv\n'}
[9.487077] (test_move) StdoutLine: {'line': b'-- Symlinking: /home/cossio/ejer1_ws/install/test_move/share/test_move/local_setup.bash\n'}
[9.494255] (test_move) StdoutLine: {'line': b'-- Symlinking: /home/cossio/ejer1_ws/install/test_move/share/test_move/local_setup.sh\n'}
[9.500677] (test_move) StdoutLine: {'line': b'-- Symlinking: /home/cossio/ejer1_ws/install/test_move/share/test_move/local_setup.zsh\n'}
[9.507567] (test_move) StdoutLine: {'line': b'-- Symlinking: /home/cossio/ejer1_ws/install/test_move/share/test_move/local_setup.dsv\n'}
[9.513927] (test_move) StdoutLine: {'line': b'-- Symlinking: /home/cossio/ejer1_ws/install/test_move/share/test_move/package.dsv\n'}
[9.520847] (test_move) StdoutLine: {'line': b'-- Symlinking: /home/cossio/ejer1_ws/install/test_move/share/ament_index/resource_index/packages/test_move\n'}
[9.526107] (-) TimerEvent: {}
[9.528434] (test_move) StdoutLine: {'line': b'-- Symlinking: /home/cossio/ejer1_ws/install/test_move/share/test_move/cmake/test_moveConfig.cmake\n'}
[9.534964] (test_move) StdoutLine: {'line': b'-- Symlinking: /home/cossio/ejer1_ws/install/test_move/share/test_move/cmake/test_moveConfig-version.cmake\n'}
[9.541622] (test_move) StdoutLine: {'line': b'-- Symlinking: /home/cossio/ejer1_ws/install/test_move/share/test_move/package.xml\n'}
[9.551483] (test_move) CommandEnded: {'returncode': 0}
[9.558315] (test_move) JobEnded: {'identifier': 'test_move', 'rc': 0}
[9.559279] (-) EventReactorShutdown: {}
